date,symbol,funding_rate_sum,funding_rate_mean,funding_events
2023-05-01,BTCUSDT,-3.3690000000000004e-05,-1.1230000000000001e-05,3
2023-05-02,BTCUSDT,8.307e-05,2.769e-05,3
2023-05-03,BTCUSDT,0.00019704,6.568e-05,3
2023-05-04,BTCUSDT,0.00024306000000000002,8.102000000000001e-05,3
2023-05-05,BTCUSDT,0.00022188,7.396e-05,3
2023-05-06,BTCUSDT,0.00030000000000000003,0.0001,3
2023-05-07,BTCUSDT,0.00014414,4.804666666666667e-05,3
2023-05-08,BTCUSDT,5.029e-05,1.6763333333333333e-05,3
2023-05-09,BTCUSDT,0.00012329,4.109666666666666e-05,3
2023-05-10,BTCUSDT,0.00012329,4.109666666666666e-05,3
2023-05-11,BTCUSDT,0.00013729,4.5763333333333336e-05,3
2023-05-12,BTCUSDT,0.00010359,3.453e-05,3
2023-05-13,BTCUSDT,9.869e-05,3.2896666666666666e-05,3
2023-05-14,BTCUSDT,8.291e-05,2.763666666666667e-05,3
2023-05-15,BTCUSDT,2.6410000000000003e-05,8.803333333333334e-06,3
2023-05-16,BTCUSDT,0.00017625,5.875e-05,3
2023-05-17,BTCUSDT,0.00019882,6.627333333333333e-05,3
2023-05-18,BTCUSDT,0.00028342,9.447333333333334e-05,3
2023-05-19,BTCUSDT,0.00011005,3.6683333333333335e-05,3
2023-05-20,BTCUSDT,6.919e-05,2.3063333333333337e-05,3
2023-05-21,BTCUSDT,0.00017109,5.7029999999999994e-05,3
2023-05-22,BTCUSDT,7.999e-05,2.6663333333333333e-05,3
2023-05-23,BTCUSDT,0.00030000000000000003,0.0001,3
2023-05-24,BTCUSDT,0.00016429000000000001,5.476333333333334e-05,3
2023-05-25,BTCUSDT,0.0002582,8.606666666666667e-05,3
2023-05-26,BTCUSDT,0.00024536,8.178666666666667e-05,3
2023-05-27,BTCUSDT,0.00023072000000000001,7.690666666666667e-05,3
2023-05-28,BTCUSDT,0.0002988,9.96e-05,3
2023-05-29,BTCUSDT,0.00030000000000000003,0.0001,3
2023-05-30,BTCUSDT,0.00019084,6.361333333333334e-05,3
2023-05-31,BTCUSDT,0.00015073,5.024333333333333e-05,3
2023-06-01,BTCUSDT,0.00021737,7.245666666666667e-05,3
2023-06-02,BTCUSDT,0.00023982,7.994e-05,3
2023-06-03,BTCUSDT,0.00022986,7.662e-05,3
2023-06-04,BTCUSDT,0.0002485,8.283333333333335e-05,3
2023-06-05,BTCUSDT,0.00027393999999999997,9.131333333333332e-05,3
2023-06-06,BTCUSDT,-5.9159999999999996e-05,-1.9719999999999998e-05,3
2023-06-07,BTCUSDT,0.00024005,8.001666666666667e-05,3
2023-06-08,BTCUSDT,0.00012605,4.201666666666667e-05,3
2023-06-09,BTCUSDT,0.00018908,6.302666666666667e-05,3
2023-06-10,BTCUSDT,0.00014973,4.9909999999999995e-05,3
2023-06-11,BTCUSDT,0.00013571999999999998,4.5239999999999994e-05,3
2023-06-12,BTCUSDT,0.00015349,5.116333333333333e-05,3
2023-06-13,BTCUSDT,0.00022683000000000002,7.561e-05,3
2023-06-14,BTCUSDT,8.815e-05,2.9383333333333334e-05,3
2023-06-15,BTCUSDT,9.615e-05,3.205e-05,3
2023-06-16,BTCUSDT,4.988e-05,1.6626666666666664e-05,3
2023-06-17,BTCUSDT,0.00027411,9.137e-05,3
2023-06-18,BTCUSDT,0.00018644,6.214666666666667e-05,3
2023-06-19,BTCUSDT,0.00017127,5.7090000000000004e-05,3
2023-06-20,BTCUSDT,1.3049999999999999e-05,4.35e-06,3
2023-06-21,BTCUSDT,0.00018846,6.282e-05,3
2023-06-22,BTCUSDT,0.00029236,9.745333333333334e-05,3
2023-06-23,BTCUSDT,0.00030000000000000003,0.0001,3
2023-06-24,BTCUSDT,0.00030000000000000003,0.0001,3
2023-06-25,BTCUSDT,0.00030000000000000003,0.0001,3
2023-06-26,BTCUSDT,0.00030000000000000003,0.0001,3
2023-06-27,BTCUSDT,0.00030000000000000003,0.0001,3
2023-06-28,BTCUSDT,0.000239,7.966666666666667e-05,3
2023-06-29,BTCUSDT,0.00025874000000000003,8.624666666666668e-05,3
2023-06-30,BTCUSDT,0.00030000000000000003,0.0001,3
2023-07-01,BTCUSDT,0.00030000000000000003,0.0001,3
2023-07-02,BTCUSDT,0.00030000000000000003,0.0001,3
2023-07-03,BTCUSDT,0.00030000000000000003,0.0001,3
2023-07-04,BTCUSDT,0.00030000000000000003,0.0001,3
2023-07-05,BTCUSDT,0.00030000000000000003,0.0001,3
2023-07-06,BTCUSDT,0.00019212,6.404e-05,3
2023-07-07,BTCUSDT,4.261e-05,1.4203333333333333e-05,3
2023-07-08,BTCUSDT,8.074e-05,2.6913333333333335e-05,3
2023-07-09,BTCUSDT,0.00018681,6.227e-05,3
2023-07-10,BTCUSDT,5.663e-05,1.8876666666666665e-05,3
2023-07-11,BTCUSDT,0.00020229,6.743e-05,3
2023-07-12,BTCUSDT,0.0001817,6.0566666666666664e-05,3
2023-07-13,BTCUSDT,5.514e-05,1.838e-05,3
2023-07-14,BTCUSDT,0.00030000000000000003,0.0001,3
2023-07-15,BTCUSDT,-1.3220000000000002e-05,-4.406666666666667e-06,3
2023-07-16,BTCUSDT,0.00014348,4.782666666666667e-05,3
2023-07-17,BTCUSDT,0.00015324000000000002,5.1080000000000006e-05,3
2023-07-18,BTCUSDT,0.00018258,6.0860000000000003e-05,3
2023-07-19,BTCUSDT,0.00022914000000000002,7.638000000000001e-05,3
2023-07-20,BTCUSDT,0.00017856,5.952e-05,3
2023-07-21,BTCUSDT,7.371e-05,2.457e-05,3
2023-07-22,BTCUSDT,3.316e-05,1.1053333333333333e-05,3
2023-07-23,BTCUSDT,0.0002228,7.426666666666666e-05,3
2023-07-24,BTCUSDT,0.00024338000000000002,8.112666666666668e-05,3
2023-07-25,BTCUSDT,0.0002408,8.026666666666666e-05,3
2023-07-26,BTCUSDT,0.00025219,8.406333333333333e-05,3
2023-07-27,BTCUSDT,9.842e-05,3.2806666666666665e-05,3
2023-07-28,BTCUSDT,0.00021048,7.016e-05,3
2023-07-29,BTCUSDT,0.00022097000000000002,7.365666666666667e-05,3
2023-07-30,BTCUSDT,0.00018068,6.022666666666667e-05,3
2023-07-31,BTCUSDT,0.0001797,5.99e-05,3
2023-08-01,BTCUSDT,0.00023068,7.689333333333333e-05,3
2023-08-02,BTCUSDT,0.00030000000000000003,0.0001,3
2023-08-03,BTCUSDT,0.00030000000000000003,0.0001,3
2023-08-04,BTCUSDT,0.00028116,9.372e-05,3
2023-08-05,BTCUSDT,0.00024181000000000002,8.060333333333333e-05,3
2023-08-06,BTCUSDT,0.00030000000000000003,0.0001,3
2023-08-07,BTCUSDT,0.00027669,9.223e-05,3
2023-08-08,BTCUSDT,0.0002508,8.360000000000001e-05,3
2023-08-09,BTCUSDT,0.00026514,8.838e-05,3
2023-08-10,BTCUSDT,0.00028277,9.425666666666667e-05,3
2023-08-11,BTCUSDT,0.00027123,9.041000000000001e-05,3
2023-08-12,BTCUSDT,0.00029305,9.768333333333333e-05,3
2023-08-13,BTCUSDT,0.00024637,8.212333333333333e-05,3
2023-08-14,BTCUSDT,0.00030000000000000003,0.0001,3
2023-08-15,BTCUSDT,0.00030000000000000003,0.0001,3
2023-08-16,BTCUSDT,0.00030000000000000003,0.0001,3
2023-08-17,BTCUSDT,0.00030000000000000003,0.0001,3
2023-08-18,BTCUSDT,0.0001512,5.04e-05,3
2023-08-19,BTCUSDT,-5.8819999999999996e-05,-1.9606666666666666e-05,3
2023-08-20,BTCUSDT,-7.626e-05,-2.542e-05,3
2023-08-21,BTCUSDT,-3.6e-05,-1.2e-05,3
2023-08-22,BTCUSDT,8.12e-06,2.706666666666667e-06,3
2023-08-23,BTCUSDT,2.9659999999999997e-05,9.886666666666666e-06,3
2023-08-24,BTCUSDT,4.5839999999999995e-05,1.528e-05,3
2023-08-25,BTCUSDT,7.361e-05,2.4536666666666665e-05,3
2023-08-26,BTCUSDT,0.0001125,3.75e-05,3
2023-08-27,BTCUSDT,5.307e-05,1.769e-05,3
2023-08-28,BTCUSDT,8.553e-05,2.851e-05,3
2023-08-29,BTCUSDT,-6.340999999999999e-05,-2.1136666666666664e-05,3
2023-08-30,BTCUSDT,0.00014543,4.847666666666666e-05,3
2023-08-31,BTCUSDT,0.00017873000000000002,5.9576666666666675e-05,3
2023-09-01,BTCUSDT,0.00014805,4.935e-05,3
2023-09-02,BTCUSDT,4.917e-05,1.639e-05,3
2023-09-03,BTCUSDT,7.964e-05,2.6546666666666668e-05,3
2023-09-04,BTCUSDT,3.1e-05,1.0333333333333333e-05,3
2023-09-05,BTCUSDT,5.394e-05,1.798e-05,3
2023-09-06,BTCUSDT,1.109e-05,3.6966666666666667e-06,3
2023-09-07,BTCUSDT,0.00014637,4.879e-05,3
2023-09-08,BTCUSDT,-2.704e-05,-9.013333333333332e-06,3
2023-09-09,BTCUSDT,-4.011e-05,-1.337e-05,3
2023-09-10,BTCUSDT,5.83e-05,1.9433333333333332e-05,3
2023-09-11,BTCUSDT,3.361e-05,1.1203333333333333e-05,3
2023-09-12,BTCUSDT,4.653e-05,1.551e-05,3
2023-09-13,BTCUSDT,6.701e-05,2.2336666666666666e-05,3
2023-09-14,BTCUSDT,-8.590000000000002e-06,-2.863333333333334e-06,3
2023-09-15,BTCUSDT,4.159e-05,1.3863333333333333e-05,3
2023-09-16,BTCUSDT,-8.862e-05,-2.9540000000000002e-05,3
2023-09-17,BTCUSDT,2.688e-05,8.96e-06,3
2023-09-18,BTCUSDT,-6.703e-05,-2.2343333333333333e-05,3
2023-09-19,BTCUSDT,-1.2600000000000001e-05,-4.2000000000000004e-06,3
2023-09-20,BTCUSDT,-7.382e-05,-2.4606666666666666e-05,3
2023-09-21,BTCUSDT,0.00011703,3.901e-05,3
2023-09-22,BTCUSDT,3.108e-05,1.036e-05,3
2023-09-23,BTCUSDT,8.441e-05,2.8136666666666668e-05,3
2023-09-24,BTCUSDT,6.216e-05,2.072e-05,3
2023-09-25,BTCUSDT,0.00012097,4.0323333333333334e-05,3
2023-09-26,BTCUSDT,5.009999999999998e-06,1.6699999999999993e-06,3
2023-09-27,BTCUSDT,0.00015396,5.1319999999999997e-05,3
2023-09-28,BTCUSDT,-5.639e-05,-1.8796666666666666e-05,3
2023-09-29,BTCUSDT,-5.9850000000000005e-05,-1.995e-05,3
2023-09-30,BTCUSDT,4.032e-05,1.344e-05,3
2023-10-01,BTCUSDT,-2.5869999999999998e-05,-8.623333333333333e-06,3
2023-10-02,BTCUSDT,5.0820000000000005e-05,1.694e-05,3
2023-10-03,BTCUSDT,8.339e-05,2.7796666666666668e-05,3
2023-10-04,BTCUSDT,9.374000000000001e-05,3.124666666666667e-05,3
2023-10-05,BTCUSDT,-0.00010376999999999999,-3.459e-05,3
2023-10-06,BTCUSDT,-2.819e-05,-9.396666666666666e-06,3
2023-10-07,BTCUSDT,7.056e-05,2.3520000000000002e-05,3
2023-10-08,BTCUSDT,6.451e-05,2.1503333333333335e-05,3
2023-10-09,BTCUSDT,0.00015345000000000002,5.115e-05,3
2023-10-10,BTCUSDT,0.00012791000000000001,4.263666666666667e-05,3
2023-10-11,BTCUSDT,0.00020567,6.855666666666667e-05,3
2023-10-12,BTCUSDT,0.00019965,6.655e-05,3
2023-10-13,BTCUSDT,6.659e-05,2.2196666666666667e-05,3
2023-10-14,BTCUSDT,4.772e-05,1.5906666666666665e-05,3
2023-10-15,BTCUSDT,5.007e-05,1.669e-05,3
2023-10-16,BTCUSDT,0.00010183,3.394333333333334e-05,3
2023-10-17,BTCUSDT,-6.140000000000001e-06,-2.0466666666666673e-06,3
2023-10-18,BTCUSDT,-2.9149999999999997e-05,-9.716666666666666e-06,3
2023-10-19,BTCUSDT,-0.00012658,-4.2193333333333335e-05,3
2023-10-20,BTCUSDT,-4.647000000000001e-05,-1.5490000000000002e-05,3
2023-10-21,BTCUSDT,8.616e-05,2.872e-05,3
2023-10-22,BTCUSDT,8.261e-05,2.7536666666666667e-05,3
2023-10-23,BTCUSDT,0.00018488,6.162666666666666e-05,3
2023-10-24,BTCUSDT,0.00030000000000000003,0.0001,3
2023-10-25,BTCUSDT,0.00030000000000000003,0.0001,3
2023-10-26,BTCUSDT,0.00030000000000000003,0.0001,3
2023-10-27,BTCUSDT,0.00030000000000000003,0.0001,3
2023-10-28,BTCUSDT,0.00030000000000000003,0.0001,3
2023-10-29,BTCUSDT,0.00030000000000000003,0.0001,3
2023-10-30,BTCUSDT,0.00030000000000000003,0.0001,3
2023-10-31,BTCUSDT,0.00030000000000000003,0.0001,3
2023-11-01,BTCUSDT,0.00030000000000000003,0.0001,3
2023-11-02,BTCUSDT,0.00030000000000000003,0.0001,3
2023-11-03,BTCUSDT,0.00030000000000000003,0.0001,3
2023-11-04,BTCUSDT,0.00030000000000000003,0.0001,3
2023-11-05,BTCUSDT,0.00030000000000000003,0.0001,3
2023-11-06,BTCUSDT,0.00030000000000000003,0.0001,3
2023-11-07,BTCUSDT,0.00030000000000000003,0.0001,3
2023-11-08,BTCUSDT,0.00030000000000000003,0.0001,3
2023-11-09,BTCUSDT,0.00040027,0.00013342333333333332,3
2023-11-10,BTCUSDT,0.00031682,0.00010560666666666666,3
2023-11-11,BTCUSDT,0.00041254999999999997,0.00013751666666666666,3
2023-11-12,BTCUSDT,0.00066138,0.00022046000000000001,3
2023-11-13,BTCUSDT,0.0006385200000000001,0.00021284000000000003,3
2023-11-14,BTCUSDT,0.00048228,0.00016076,3
2023-11-15,BTCUSDT,0.00030000000000000003,0.0001,3
2023-11-16,BTCUSDT,0.00037213000000000003,0.00012404333333333335,3
2023-11-17,BTCUSDT,0.00030000000000000003,0.0001,3
2023-11-18,BTCUSDT,0.00030000000000000003,0.0001,3
2023-11-19,BTCUSDT,0.00030000000000000003,0.0001,3
2023-11-20,BTCUSDT,0.00030000000000000003,0.0001,3
2023-11-21,BTCUSDT,0.00030000000000000003,0.0001,3
2023-11-22,BTCUSDT,0.00030000000000000003,0.0001,3
2023-11-23,BTCUSDT,0.00030000000000000003,0.0001,3
2023-11-24,BTCUSDT,0.00030000000000000003,0.0001,3
2023-11-25,BTCUSDT,0.00030000000000000003,0.0001,3
2023-11-26,BTCUSDT,0.00030000000000000003,0.0001,3
2023-11-27,BTCUSDT,0.00030000000000000003,0.0001,3
2023-11-28,BTCUSDT,0.00030000000000000003,0.0001,3
2023-11-29,BTCUSDT,0.00030000000000000003,0.0001,3
2023-11-30,BTCUSDT,0.00030000000000000003,0.0001,3
2023-12-01,BTCUSDT,0.00030000000000000003,0.0001,3
2023-12-02,BTCUSDT,0.00025464,8.488e-05,3
2023-12-03,BTCUSDT,0.00030000000000000003,0.0001,3
2023-12-04,BTCUSDT,0.00030000000000000003,0.0001,3
2023-12-05,BTCUSDT,0.00030000000000000003,0.0001,3
2023-12-06,BTCUSDT,0.00030000000000000003,0.0001,3
2023-12-07,BTCUSDT,0.00030000000000000003,0.0001,3
2023-12-08,BTCUSDT,0.0005353000000000001,0.00017843333333333335,3
2023-12-09,BTCUSDT,0.00058855,0.00019618333333333332,3
2023-12-10,BTCUSDT,0.0006503,0.00021676666666666669,3
2023-12-11,BTCUSDT,0.00034730000000000004,0.00011576666666666668,3
2023-12-12,BTCUSDT,0.00030000000000000003,0.0001,3
2023-12-13,BTCUSDT,0.00034672,0.00011557333333333333,3
2023-12-14,BTCUSDT,0.00030000000000000003,0.0001,3
2023-12-15,BTCUSDT,0.00030000000000000003,0.0001,3
2023-12-16,BTCUSDT,0.00030000000000000003,0.0001,3
2023-12-17,BTCUSDT,0.00030000000000000003,0.0001,3
2023-12-18,BTCUSDT,0.00038966,0.00012988666666666668,3
2023-12-19,BTCUSDT,0.00030000000000000003,0.0001,3
2023-12-20,BTCUSDT,0.00044143,0.00014714333333333332,3
2023-12-21,BTCUSDT,0.00085307,0.0002843566666666667,3
2023-12-22,BTCUSDT,0.00078427,0.0002614233333333333,3
2023-12-23,BTCUSDT,0.00041351,0.00013783666666666668,3
2023-12-24,BTCUSDT,0.00050519,0.00016839666666666666,3
2023-12-25,BTCUSDT,0.00057908,0.00019302666666666667,3
2023-12-26,BTCUSDT,0.00096707,0.0003223566666666667,3
2023-12-27,BTCUSDT,0.00097867,0.00032622333333333337,3
2023-12-28,BTCUSDT,0.00101052,0.00033684,3
2023-12-29,BTCUSDT,0.00152164,0.0005072133333333333,3
2023-12-30,BTCUSDT,0.00114455,0.0003815166666666667,3
2023-12-31,BTCUSDT,0.00096025,0.0003200833333333333,3
2024-01-01,BTCUSDT,0.00098223,0.00032741,3
2024-01-02,BTCUSDT,0.00154755,0.00051585,3
2024-01-03,BTCUSDT,0.00048282,0.00016094000000000001,3
2024-01-04,BTCUSDT,0.00030000000000000003,0.0001,3
2024-01-05,BTCUSDT,0.00030000000000000003,0.0001,3
2024-01-06,BTCUSDT,0.00030000000000000003,0.0001,3
2024-01-07,BTCUSDT,0.00030000000000000003,0.0001,3
2024-01-08,BTCUSDT,0.00030000000000000003,0.0001,3
2024-01-09,BTCUSDT,0.00030000000000000003,0.0001,3
2024-01-10,BTCUSDT,0.00030000000000000003,0.0001,3
2024-01-11,BTCUSDT,0.00030000000000000003,0.0001,3
2024-01-12,BTCUSDT,0.00030000000000000003,0.0001,3
2024-01-13,BTCUSDT,0.00030000000000000003,0.0001,3
2024-01-14,BTCUSDT,0.00030000000000000003,0.0001,3
2024-01-15,BTCUSDT,0.00030000000000000003,0.0001,3
2024-01-16,BTCUSDT,0.00030000000000000003,0.0001,3
2024-01-17,BTCUSDT,0.00030000000000000003,0.0001,3
2024-01-18,BTCUSDT,0.00030000000000000003,0.0001,3
2024-01-19,BTCUSDT,0.00030000000000000003,0.0001,3
2024-01-20,BTCUSDT,0.00030000000000000003,0.0001,3
2024-01-21,BTCUSDT,0.00030000000000000003,0.0001,3
2024-01-22,BTCUSDT,0.00030000000000000003,0.0001,3
2024-01-23,BTCUSDT,0.00030000000000000003,0.0001,3
2024-01-24,BTCUSDT,0.00030000000000000003,0.0001,3
2024-01-25,BTCUSDT,0.00030000000000000003,0.0001,3
2024-01-26,BTCUSDT,0.00030000000000000003,0.0001,3
2024-01-27,BTCUSDT,0.00027266,9.088666666666666e-05,3
2024-01-28,BTCUSDT,0.00024725,8.241666666666667e-05,3
2024-01-29,BTCUSDT,0.00029142,9.714000000000001e-05,3
2024-01-30,BTCUSDT,0.00024641,8.213666666666667e-05,3
2024-01-31,BTCUSDT,0.00022154,7.384666666666667e-05,3
2024-02-01,BTCUSDT,0.00030000000000000003,0.0001,3
2024-02-02,BTCUSDT,0.00030000000000000003,0.0001,3
2024-02-03,BTCUSDT,0.00024697,8.232333333333334e-05,3
2024-02-04,BTCUSDT,0.00027153,9.051000000000001e-05,3
2024-02-05,BTCUSDT,0.00030000000000000003,0.0001,3
2024-02-06,BTCUSDT,0.00026723000000000003,8.907666666666668e-05,3
2024-02-07,BTCUSDT,0.00021206,7.068666666666666e-05,3
2024-02-08,BTCUSDT,0.00019125000000000001,6.375e-05,3
2024-02-09,BTCUSDT,0.00022961000000000002,7.653666666666667e-05,3
2024-02-10,BTCUSDT,0.00028041000000000003,9.347000000000001e-05,3
2024-02-11,BTCUSDT,0.00030000000000000003,0.0001,3
2024-02-12,BTCUSDT,0.00030000000000000003,0.0001,3
2024-02-13,BTCUSDT,0.00030000000000000003,0.0001,3
2024-02-14,BTCUSDT,0.00032282999999999997,0.00010761,3
2024-02-15,BTCUSDT,0.00030000000000000003,0.0001,3
2024-02-16,BTCUSDT,0.00030000000000000003,0.0001,3
2024-02-17,BTCUSDT,0.00036041000000000003,0.00012013666666666667,3
2024-02-18,BTCUSDT,0.0004964,0.00016546666666666669,3
2024-02-19,BTCUSDT,0.00055985,0.00018661666666666666,3
2024-02-20,BTCUSDT,0.00041631999999999997,0.00013877333333333331,3
2024-02-21,BTCUSDT,0.00031242,0.00010414,3
2024-02-22,BTCUSDT,0.00036037,0.00012012333333333334,3
2024-02-23,BTCUSDT,0.00032991,0.00010996999999999999,3
2024-02-24,BTCUSDT,0.00030000000000000003,0.0001,3
2024-02-25,BTCUSDT,0.00041512,0.00013837333333333333,3
2024-02-26,BTCUSDT,0.00075555,0.00025185,3
2024-02-27,BTCUSDT,0.0012874800000000001,0.00042916000000000004,3
2024-02-28,BTCUSDT,0.0010394900000000001,0.0003464966666666667,3
2024-02-29,BTCUSDT,0.0020245899999999997,0.0006748633333333332,3
2024-03-01,BTCUSDT,0.00164156,0.0005471866666666667,3
2024-03-02,BTCUSDT,0.00146996,0.0004899866666666666,3
2024-03-03,BTCUSDT,0.00133854,0.00044618,3
2024-03-04,BTCUSDT,0.00165524,0.0005517466666666667,3
2024-03-05,BTCUSDT,0.00220077,0.00073359,3
2024-03-06,BTCUSDT,0.0011951,0.00039836666666666663,3
2024-03-07,BTCUSDT,0.00125512,0.0004183733333333333,3
2024-03-08,BTCUSDT,0.00141229,0.00047076333333333334,3
2024-03-09,BTCUSDT,0.00076822,0.0002560733333333333,3
2024-03-10,BTCUSDT,0.0014894,0.0004964666666666667,3
2024-03-11,BTCUSDT,0.00180313,0.0006010433333333334,3
2024-03-12,BTCUSDT,0.00137705,0.0004590166666666667,3
2024-03-13,BTCUSDT,0.0014304600000000002,0.00047682000000000003,3
2024-03-14,BTCUSDT,0.00101404,0.0003380133333333333,3
2024-03-15,BTCUSDT,0.00068149,0.00022716333333333333,3
2024-03-16,BTCUSDT,0.00054015,0.00018004999999999999,3
2024-03-17,BTCUSDT,0.00055689,0.00018563,3
2024-03-18,BTCUSDT,0.0007797300000000001,0.00025991,3
2024-03-19,BTCUSDT,0.00080006,0.00026668666666666667,3
2024-03-20,BTCUSDT,0.00044235,0.00014745,3
2024-03-21,BTCUSDT,0.00049217,0.00016405666666666666,3
2024-03-22,BTCUSDT,0.00038264,0.00012754666666666667,3
2024-03-23,BTCUSDT,0.00030806000000000003,0.00010268666666666668,3
2024-03-24,BTCUSDT,0.00040851,0.00013617,3
2024-03-25,BTCUSDT,0.00070688,0.00023562666666666668,3
2024-03-26,BTCUSDT,0.00067075,0.00022358333333333334,3
2024-03-27,BTCUSDT,0.00101939,0.00033979666666666665,3
2024-03-28,BTCUSDT,0.00083524,0.00027841333333333335,3
2024-03-29,BTCUSDT,0.00073876,0.0002462533333333333,3
2024-03-30,BTCUSDT,0.00086251,0.00028750333333333336,3
2024-03-31,BTCUSDT,0.0011254099999999999,0.0003751366666666666,3
2024-04-01,BTCUSDT,0.00131121,0.00043706999999999996,3
2024-04-02,BTCUSDT,0.00037382,0.00012460666666666667,3
2024-04-03,BTCUSDT,0.00030000000000000003,0.0001,3
2024-04-04,BTCUSDT,0.00030000000000000003,0.0001,3
2024-04-05,BTCUSDT,0.00030000000000000003,0.0001,3
2024-04-06,BTCUSDT,0.00030000000000000003,0.0001,3
2024-04-07,BTCUSDT,0.00030000000000000003,0.0001,3
2024-04-08,BTCUSDT,0.00055189,0.00018396333333333333,3
2024-04-09,BTCUSDT,0.0006057899999999999,0.00020192999999999999,3
2024-04-10,BTCUSDT,0.00034386000000000003,0.00011462000000000001,3
2024-04-11,BTCUSDT,0.00053895,0.00017964999999999998,3
2024-04-12,BTCUSDT,0.00049102,0.00016367333333333332,3
2024-04-13,BTCUSDT,0.00030000000000000003,0.0001,3
2024-04-14,BTCUSDT,0.00030000000000000003,0.0001,3
2024-04-15,BTCUSDT,0.00021759,7.253e-05,3
2024-04-16,BTCUSDT,0.00018991,6.330333333333333e-05,3
2024-04-17,BTCUSDT,0.00016483,5.494333333333333e-05,3
2024-04-18,BTCUSDT,9.585e-05,3.195e-05,3
2024-04-19,BTCUSDT,9.401e-05,3.133666666666667e-05,3
2024-04-20,BTCUSDT,0.00013438,4.479333333333333e-05,3
2024-04-21,BTCUSDT,9.364e-05,3.1213333333333335e-05,3
2024-04-22,BTCUSDT,7.804e-05,2.6013333333333334e-05,3
2024-04-23,BTCUSDT,2.921e-05,9.736666666666666e-06,3
2024-04-24,BTCUSDT,0.00013762,4.5873333333333333e-05,3
2024-04-25,BTCUSDT,0.00012229,4.076333333333333e-05,3
2024-04-26,BTCUSDT,7.956e-05,2.652e-05,3
2024-04-27,BTCUSDT,0.00020304,6.768e-05,3
2024-04-28,BTCUSDT,1.7070000000000004e-05,5.6900000000000014e-06,3
2024-04-29,BTCUSDT,0.00014844,4.948e-05,3
2024-04-30,BTCUSDT,0.00028894,9.631333333333333e-05,3
2024-05-01,BTCUSDT,0.00028848000000000003,9.616000000000001e-05,3
2024-05-02,BTCUSDT,0.0001268,4.2266666666666666e-05,3
2024-05-03,BTCUSDT,2.7779999999999998e-05,9.26e-06,3
2024-05-04,BTCUSDT,0.00016423,5.474333333333333e-05,3
2024-05-05,BTCUSDT,0.00011446000000000001,3.815333333333334e-05,3
2024-05-06,BTCUSDT,7.316999999999999e-05,2.439e-05,3
2024-05-07,BTCUSDT,0.00016673,5.5576666666666666e-05,3
2024-05-08,BTCUSDT,0.00019736,6.578666666666666e-05,3
2024-05-09,BTCUSDT,0.00016216,5.405333333333333e-05,3
2024-05-10,BTCUSDT,0.00014613,4.8710000000000006e-05,3
2024-05-11,BTCUSDT,0.00017719,5.9063333333333334e-05,3
2024-05-12,BTCUSDT,0.00015434000000000002,5.144666666666667e-05,3
2024-05-13,BTCUSDT,0.0002762,9.206666666666666e-05,3
2024-05-14,BTCUSDT,0.00024258,8.086e-05,3
2024-05-15,BTCUSDT,0.00011988000000000001,3.9960000000000004e-05,3
2024-05-16,BTCUSDT,0.00010794,3.598e-05,3
2024-05-17,BTCUSDT,5.164e-05,1.7213333333333333e-05,3
2024-05-18,BTCUSDT,7.848e-05,2.6159999999999997e-05,3
2024-05-19,BTCUSDT,0.00013328,4.4426666666666666e-05,3
2024-05-20,BTCUSDT,0.00010638,3.5459999999999996e-05,3
2024-05-21,BTCUSDT,0.00030517,0.00010172333333333334,3
2024-05-22,BTCUSDT,0.00035758999999999997,0.00011919666666666666,3
2024-05-23,BTCUSDT,0.00030000000000000003,0.0001,3
2024-05-24,BTCUSDT,0.00030000000000000003,0.0001,3
2024-05-25,BTCUSDT,0.00030000000000000003,0.0001,3
2024-05-26,BTCUSDT,0.00030000000000000003,0.0001,3
2024-05-27,BTCUSDT,0.00030000000000000003,0.0001,3
2024-05-28,BTCUSDT,0.00030000000000000003,0.0001,3
2024-05-29,BTCUSDT,0.00032558,0.00010852666666666667,3
2024-05-30,BTCUSDT,0.00030000000000000003,0.0001,3
2024-05-31,BTCUSDT,0.00036867000000000003,0.00012289,3
2024-06-01,BTCUSDT,0.00030250000000000003,0.00010083333333333335,3
2024-06-02,BTCUSDT,0.00030000000000000003,0.0001,3
2024-06-03,BTCUSDT,0.00034135000000000003,0.00011378333333333334,3
2024-06-04,BTCUSDT,0.00032008000000000004,0.00010669333333333335,3
2024-06-05,BTCUSDT,0.00039613,0.00013204333333333333,3
2024-06-06,BTCUSDT,0.00032208,0.00010735999999999999,3
2024-06-07,BTCUSDT,0.00030166000000000004,0.00010055333333333335,3
2024-06-08,BTCUSDT,0.00030000000000000003,0.0001,3
2024-06-09,BTCUSDT,0.00030000000000000003,0.0001,3
2024-06-10,BTCUSDT,0.00030000000000000003,0.0001,3
2024-06-11,BTCUSDT,0.00030000000000000003,0.0001,3
2024-06-12,BTCUSDT,0.00030000000000000003,0.0001,3
2024-06-13,BTCUSDT,0.00030000000000000003,0.0001,3
2024-06-14,BTCUSDT,0.00030000000000000003,0.0001,3
2024-06-15,BTCUSDT,0.00030000000000000003,0.0001,3
2024-06-16,BTCUSDT,0.00030000000000000003,0.0001,3
2024-06-17,BTCUSDT,0.00030000000000000003,0.0001,3
2024-06-18,BTCUSDT,0.00028236,9.412e-05,3
2024-06-19,BTCUSDT,0.00017094,5.698000000000001e-05,3
2024-06-20,BTCUSDT,0.00016766,5.588666666666667e-05,3
2024-06-21,BTCUSDT,0.00020672,6.890666666666666e-05,3
2024-06-22,BTCUSDT,0.00024146,8.048666666666667e-05,3
2024-06-23,BTCUSDT,0.00016983,5.6609999999999995e-05,3
2024-06-24,BTCUSDT,0.00027022,9.007333333333334e-05,3
2024-06-25,BTCUSDT,0.00021148,7.049333333333334e-05,3
2024-06-26,BTCUSDT,0.00030000000000000003,0.0001,3
2024-06-27,BTCUSDT,0.00030000000000000003,0.0001,3
2024-06-28,BTCUSDT,0.00030000000000000003,0.0001,3
2024-06-29,BTCUSDT,0.00030000000000000003,0.0001,3
2024-06-30,BTCUSDT,0.00030000000000000003,0.0001,3
2024-07-01,BTCUSDT,0.00030000000000000003,0.0001,3
2024-07-02,BTCUSDT,0.00030000000000000003,0.0001,3
2024-07-03,BTCUSDT,0.00030000000000000003,0.0001,3
2024-07-04,BTCUSDT,0.00030000000000000003,0.0001,3
2024-07-05,BTCUSDT,0.00021762000000000002,7.254000000000001e-05,3
2024-07-06,BTCUSDT,0.00016491,5.497e-05,3
2024-07-07,BTCUSDT,0.00028164,9.388e-05,3
2024-07-08,BTCUSDT,0.00026126999999999997,8.709e-05,3
2024-07-09,BTCUSDT,0.00020861000000000002,6.953666666666667e-05,3
2024-07-10,BTCUSDT,0.0002471,8.236666666666666e-05,3
2024-07-11,BTCUSDT,0.00030000000000000003,0.0001,3
2024-07-12,BTCUSDT,0.00013441,4.480333333333334e-05,3
2024-07-13,BTCUSDT,0.00025184000000000003,8.394666666666668e-05,3
2024-07-14,BTCUSDT,0.00020789,6.929666666666666e-05,3
2024-07-15,BTCUSDT,7.278e-05,2.426e-05,3
2024-07-16,BTCUSDT,6.469e-05,2.1563333333333334e-05,3
2024-07-17,BTCUSDT,4.989999999999998e-06,1.6633333333333326e-06,3
2024-07-18,BTCUSDT,5.362e-05,1.7873333333333334e-05,3
2024-07-19,BTCUSDT,0.0001349,4.4966666666666664e-05,3
2024-07-20,BTCUSDT,4.890000000000002e-06,1.6300000000000007e-06,3
2024-07-21,BTCUSDT,-2.4730000000000002e-05,-8.243333333333335e-06,3
2024-07-22,BTCUSDT,0.00017858000000000001,5.9526666666666674e-05,3
2024-07-23,BTCUSDT,0.00013661,4.553666666666667e-05,3
2024-07-24,BTCUSDT,0.00030000000000000003,0.0001,3
2024-07-25,BTCUSDT,0.00030000000000000003,0.0001,3
2024-07-26,BTCUSDT,0.0002334,7.780000000000001e-05,3
2024-07-27,BTCUSDT,0.00023678,7.892666666666666e-05,3
2024-07-28,BTCUSDT,0.00020161,6.720333333333333e-05,3
2024-07-29,BTCUSDT,0.00023984,7.994666666666666e-05,3
2024-07-30,BTCUSDT,0.00014649,4.883e-05,3
2024-07-31,BTCUSDT,0.00014067,4.689e-05,3
2024-08-01,BTCUSDT,0.00028208,9.402666666666667e-05,3
2024-08-02,BTCUSDT,0.00030000000000000003,0.0001,3
2024-08-03,BTCUSDT,0.00024035000000000001,8.011666666666667e-05,3
2024-08-04,BTCUSDT,0.00025343,8.447666666666668e-05,3
2024-08-05,BTCUSDT,0.00020396,6.798666666666666e-05,3
2024-08-06,BTCUSDT,5.206e-05,1.7353333333333332e-05,3
2024-08-07,BTCUSDT,-4.3480000000000004e-05,-1.4493333333333334e-05,3
2024-08-08,BTCUSDT,6.87e-05,2.29e-05,3
2024-08-09,BTCUSDT,0.00012024,4.008e-05,3
2024-08-10,BTCUSDT,-7.27e-05,-2.4233333333333334e-05,3
2024-08-11,BTCUSDT,3.395e-05,1.1316666666666666e-05,3
2024-08-12,BTCUSDT,7.658e-05,2.5526666666666667e-05,3
2024-08-13,BTCUSDT,2.759e-05,9.196666666666666e-06,3
2024-08-14,BTCUSDT,-7.989e-05,-2.6629999999999997e-05,3
2024-08-15,BTCUSDT,-8.33e-05,-2.776666666666667e-05,3
2024-08-16,BTCUSDT,-0.00019178999999999998,-6.392999999999999e-05,3
2024-08-17,BTCUSDT,5.937e-05,1.9790000000000002e-05,3
2024-08-18,BTCUSDT,-5.059999999999996e-06,-1.6866666666666652e-06,3
2024-08-19,BTCUSDT,-0.00012323,-4.1076666666666666e-05,3
2024-08-20,BTCUSDT,1.1199999999999994e-06,3.7333333333333313e-07,3
2024-08-21,BTCUSDT,-6.951e-05,-2.317e-05,3
2024-08-22,BTCUSDT,-8.151999999999999e-05,-2.717333333333333e-05,3
2024-08-23,BTCUSDT,-5.2550000000000003e-05,-1.7516666666666668e-05,3
2024-08-24,BTCUSDT,4.9e-05,1.633333333333333e-05,3
2024-08-25,BTCUSDT,-3.229e-05,-1.0763333333333332e-05,3
2024-08-26,BTCUSDT,9.676e-05,3.225333333333333e-05,3
2024-08-27,BTCUSDT,0.00012298999999999999,4.099666666666666e-05,3
2024-08-28,BTCUSDT,-3.227e-05,-1.0756666666666666e-05,3
2024-08-29,BTCUSDT,-2.0609999999999997e-05,-6.8699999999999994e-06,3
2024-08-30,BTCUSDT,7.441e-05,2.4803333333333334e-05,3
2024-08-31,BTCUSDT,5.6290000000000005e-05,1.8763333333333334e-05,3
2024-09-01,BTCUSDT,2.9900000000000044e-06,9.966666666666682e-07,3
2024-09-02,BTCUSDT,-3.501e-05,-1.167e-05,3
2024-09-03,BTCUSDT,0.00015966,5.322e-05,3
2024-09-04,BTCUSDT,1.789e-05,5.9633333333333336e-06,3
2024-09-05,BTCUSDT,0.00013531,4.510333333333333e-05,3
2024-09-06,BTCUSDT,3.7069999999999996e-05,1.2356666666666665e-05,3
2024-09-07,BTCUSDT,-0.00015427,-5.142333333333333e-05,3
2024-09-08,BTCUSDT,-7.499e-05,-2.4996666666666667e-05,3
2024-09-09,BTCUSDT,-0.00018568,-6.189333333333333e-05,3
2024-09-10,BTCUSDT,-0.00010084,-3.361333333333333e-05,3
2024-09-11,BTCUSDT,-0.00016412000000000002,-5.4706666666666676e-05,3
2024-09-12,BTCUSDT,-5.447e-05,-1.8156666666666665e-05,3
2024-09-13,BTCUSDT,-3.381e-05,-1.127e-05,3
2024-09-14,BTCUSDT,-5.5140000000000004e-05,-1.838e-05,3
2024-09-15,BTCUSDT,-8.799999999999999e-07,-2.933333333333333e-07,3
2024-09-16,BTCUSDT,0.00012728000000000001,4.242666666666667e-05,3
2024-09-17,BTCUSDT,0.00015767,5.2556666666666664e-05,3
2024-09-18,BTCUSDT,7.67e-05,2.5566666666666664e-05,3
2024-09-19,BTCUSDT,0.00010533000000000001,3.511e-05,3
2024-09-20,BTCUSDT,0.00013105,4.368333333333333e-05,3
2024-09-21,BTCUSDT,0.00022872000000000002,7.624e-05,3
2024-09-22,BTCUSDT,0.00021076,7.025333333333333e-05,3
2024-09-23,BTCUSDT,0.00013214,4.4046666666666666e-05,3
2024-09-24,BTCUSDT,5.037e-05,1.679e-05,3
2024-09-25,BTCUSDT,3.7e-05,1.2333333333333333e-05,3
2024-09-26,BTCUSDT,0.00017896,5.9653333333333334e-05,3
2024-09-27,BTCUSDT,0.00018997,6.332333333333334e-05,3
2024-09-28,BTCUSDT,0.00015169,5.056333333333334e-05,3
2024-09-29,BTCUSDT,0.00011106,3.702e-05,3
2024-09-30,BTCUSDT,0.00021016,7.005333333333334e-05,3
2024-10-01,BTCUSDT,0.00030000000000000003,0.0001,3
2024-10-02,BTCUSDT,0.00023232,7.744e-05,3
2024-10-03,BTCUSDT,0.00013117,4.3723333333333335e-05,3
2024-10-04,BTCUSDT,9.459e-05,3.153e-05,3
2024-10-05,BTCUSDT,3.53e-06,1.1766666666666667e-06,3
2024-10-06,BTCUSDT,8.04e-05,2.68e-05,3
2024-10-07,BTCUSDT,5.798e-05,1.9326666666666666e-05,3
2024-10-08,BTCUSDT,0.00013516,4.505333333333333e-05,3
2024-10-09,BTCUSDT,0.00023077,7.692333333333333e-05,3
2024-10-10,BTCUSDT,0.00013622,4.540666666666667e-05,3
2024-10-11,BTCUSDT,4.770000000000002e-06,1.5900000000000007e-06,3
2024-10-12,BTCUSDT,0.00010733,3.5776666666666666e-05,3
2024-10-13,BTCUSDT,6.269e-05,2.0896666666666666e-05,3
2024-10-14,BTCUSDT,0.00025429,8.476333333333334e-05,3
2024-10-15,BTCUSDT,0.00030000000000000003,0.0001,3
2024-10-16,BTCUSDT,0.00026825000000000004,8.941666666666668e-05,3
2024-10-17,BTCUSDT,0.00030000000000000003,0.0001,3
2024-10-18,BTCUSDT,0.00030000000000000003,0.0001,3
2024-10-19,BTCUSDT,0.00030000000000000003,0.0001,3
2024-10-20,BTCUSDT,0.00030000000000000003,0.0001,3
2024-10-21,BTCUSDT,0.00030000000000000003,0.0001,3
2024-10-22,BTCUSDT,0.00030000000000000003,0.0001,3
2024-10-23,BTCUSDT,0.00030000000000000003,0.0001,3
2024-10-24,BTCUSDT,0.00030000000000000003,0.0001,3
2024-10-25,BTCUSDT,0.00030000000000000003,0.0001,3
2024-10-26,BTCUSDT,0.00022324,7.441333333333334e-05,3
2024-10-27,BTCUSDT,0.00029724,9.908e-05,3
2024-10-28,BTCUSDT,0.00028371,9.457e-05,3
2024-10-29,BTCUSDT,0.00030000000000000003,0.0001,3
2024-10-30,BTCUSDT,0.00030000000000000003,0.0001,3
2024-10-31,BTCUSDT,0.00030000000000000003,0.0001,3
2024-11-01,BTCUSDT,0.00030000000000000003,0.0001,3
2024-11-02,BTCUSDT,0.00030000000000000003,0.0001,3
2024-11-03,BTCUSDT,0.00030000000000000003,0.0001,3
2024-11-04,BTCUSDT,0.00030000000000000003,0.0001,3
2024-11-05,BTCUSDT,0.00030000000000000003,0.0001,3
2024-11-06,BTCUSDT,0.00030000000000000003,0.0001,3
2024-11-07,BTCUSDT,0.00030000000000000003,0.0001,3
2024-11-08,BTCUSDT,0.00030000000000000003,0.0001,3
2024-11-09,BTCUSDT,0.00030000000000000003,0.0001,3
2024-11-10,BTCUSDT,0.0004971600000000001,0.00016572000000000003,3
2024-11-11,BTCUSDT,0.00056878,0.00018959333333333332,3
2024-11-12,BTCUSDT,0.00131624,0.00043874666666666664,3
2024-11-13,BTCUSDT,0.00044957,0.00014985666666666666,3
2024-11-14,BTCUSDT,0.00030000000000000003,0.0001,3
2024-11-15,BTCUSDT,0.00030977,0.00010325666666666667,3
2024-11-16,BTCUSDT,0.00033231000000000005,0.00011077000000000001,3
2024-11-17,BTCUSDT,0.00036342000000000004,0.00012114000000000001,3
2024-11-18,BTCUSDT,0.0006776800000000001,0.00022589333333333336,3
2024-11-19,BTCUSDT,0.00069781,0.00023260333333333333,3
2024-11-20,BTCUSDT,0.00030000000000000003,0.0001,3
2024-11-21,BTCUSDT,0.00030000000000000003,0.0001,3
2024-11-22,BTCUSDT,0.00030000000000000003,0.0001,3
2024-11-23,BTCUSDT,0.00030000000000000003,0.0001,3
2024-11-24,BTCUSDT,0.00049376,0.00016458666666666665,3
2024-11-25,BTCUSDT,0.00056268,0.00018756,3
2024-11-26,BTCUSDT,0.0006943699999999999,0.00023145666666666664,3
2024-11-27,BTCUSDT,0.00058,0.00019333333333333333,3
2024-11-28,BTCUSDT,0.00036185000000000004,0.00012061666666666668,3
2024-11-29,BTCUSDT,0.00054287,0.00018095666666666666,3
2024-11-30,BTCUSDT,0.00037972,0.00012657333333333334,3
2024-12-01,BTCUSDT,0.00045482000000000004,0.00015160666666666668,3
2024-12-02,BTCUSDT,0.00063669,0.00021223,3
2024-12-03,BTCUSDT,0.00049657,0.00016552333333333334,3
2024-12-04,BTCUSDT,0.00076122,0.00025373999999999997,3
2024-12-05,BTCUSDT,0.0014713,0.0004904333333333333,3
2024-12-06,BTCUSDT,0.00034634,0.00011544666666666666,3
2024-12-07,BTCUSDT,0.00058436,0.00019478666666666668,3
2024-12-08,BTCUSDT,0.00051137,0.00017045666666666668,3
2024-12-09,BTCUSDT,0.0006256,0.00020853333333333335,3
2024-12-10,BTCUSDT,0.00030000000000000003,0.0001,3
2024-12-11,BTCUSDT,0.00030000000000000003,0.0001,3
2024-12-12,BTCUSDT,0.00030000000000000003,0.0001,3
2024-12-13,BTCUSDT,0.00030000000000000003,0.0001,3
2024-12-14,BTCUSDT,0.0002675,8.916666666666666e-05,3
2024-12-15,BTCUSDT,0.00028194,9.398e-05,3
2024-12-16,BTCUSDT,0.00029181,9.727e-05,3
2024-12-17,BTCUSDT,0.00027866,9.288666666666667e-05,3
2024-12-18,BTCUSDT,0.00029159,9.719666666666666e-05,3
2024-12-19,BTCUSDT,0.00030000000000000003,0.0001,3
2024-12-20,BTCUSDT,0.00030000000000000003,0.0001,3
2024-12-21,BTCUSDT,0.00021206,7.068666666666666e-05,3
2024-12-22,BTCUSDT,0.00029629,9.876333333333334e-05,3
2024-12-23,BTCUSDT,0.00028981,9.660333333333333e-05,3
2024-12-24,BTCUSDT,0.00030000000000000003,0.0001,3
2024-12-25,BTCUSDT,0.00030000000000000003,0.0001,3
2024-12-26,BTCUSDT,0.00025865,8.621666666666667e-05,3
2024-12-27,BTCUSDT,0.00030000000000000003,0.0001,3
2024-12-28,BTCUSDT,0.00022812,7.604e-05,3
2024-12-29,BTCUSDT,0.00028013,9.337666666666668e-05,3
2024-12-30,BTCUSDT,0.00018749,6.249666666666667e-05,3
2024-12-31,BTCUSDT,0.00030000000000000003,0.0001,3
2025-01-01,BTCUSDT,0.00030000000000000003,0.0001,3
2025-01-02,BTCUSDT,0.00030000000000000003,0.0001,3
2025-01-03,BTCUSDT,0.00025242,8.414e-05,3
2025-01-04,BTCUSDT,0.00018497,6.165666666666668e-05,3
2025-01-05,BTCUSDT,0.0002832,9.44e-05,3
2025-01-06,BTCUSDT,0.00030000000000000003,0.0001,3
2025-01-07,BTCUSDT,0.00027182,9.060666666666666e-05,3
2025-01-08,BTCUSDT,0.00030000000000000003,0.0001,3
2025-01-09,BTCUSDT,0.0001929,6.43e-05,3
2025-01-10,BTCUSDT,0.00010983999999999999,3.661333333333333e-05,3
2025-01-11,BTCUSDT,0.00012343,4.1143333333333336e-05,3
2025-01-12,BTCUSDT,0.00014866,4.955333333333333e-05,3
2025-01-13,BTCUSDT,0.00013136,4.3786666666666665e-05,3
2025-01-14,BTCUSDT,0.00029496000000000004,9.832000000000001e-05,3
2025-01-15,BTCUSDT,0.00019628,6.542666666666667e-05,3
2025-01-16,BTCUSDT,0.00012894,4.298e-05,3
2025-01-17,BTCUSDT,0.00017415,5.805e-05,3
2025-01-18,BTCUSDT,0.00026707,8.902333333333334e-05,3
2025-01-19,BTCUSDT,0.00030000000000000003,0.0001,3
2025-01-20,BTCUSDT,0.00030000000000000003,0.0001,3
2025-01-21,BTCUSDT,0.00030000000000000003,0.0001,3
2025-01-22,BTCUSDT,0.00030000000000000003,0.0001,3
2025-01-23,BTCUSDT,0.0002727,9.09e-05,3
2025-01-24,BTCUSDT,0.00017411,5.8036666666666666e-05,3
2025-01-25,BTCUSDT,0.00021979,7.326333333333334e-05,3
2025-01-26,BTCUSDT,0.00026806,8.935333333333333e-05,3
2025-01-27,BTCUSDT,0.00012894,4.298e-05,3
2025-01-28,BTCUSDT,0.00023562000000000002,7.854e-05,3
2025-01-29,BTCUSDT,0.00029949,9.983000000000001e-05,3
2025-01-30,BTCUSDT,0.00027089,9.029666666666666e-05,3
2025-01-31,BTCUSDT,0.00021225,7.075e-05,3
2025-02-01,BTCUSDT,0.00019435,6.478333333333334e-05,3
2025-02-02,BTCUSDT,8.343e-05,2.7810000000000003e-05,3
2025-02-03,BTCUSDT,0.00024845,8.281666666666667e-05,3
2025-02-04,BTCUSDT,0.0001355,4.516666666666666e-05,3
2025-02-05,BTCUSDT,5.923e-05,1.9743333333333335e-05,3
2025-02-06,BTCUSDT,7.851e-05,2.6170000000000002e-05,3
2025-02-07,BTCUSDT,0.00020139,6.713e-05,3
2025-02-08,BTCUSDT,-2.639e-05,-8.796666666666667e-06,3
2025-02-09,BTCUSDT,0.00016312,5.437333333333333e-05,3
2025-02-10,BTCUSDT,0.00018435,6.145e-05,3
2025-02-11,BTCUSDT,8.862e-05,2.9540000000000002e-05,3
2025-02-12,BTCUSDT,0.00011156999999999999,3.7189999999999995e-05,3
2025-02-13,BTCUSDT,0.00014922,4.974e-05,3
2025-02-14,BTCUSDT,0.00016703,5.567666666666667e-05,3
2025-02-15,BTCUSDT,7.087e-05,2.3623333333333335e-05,3
2025-02-16,BTCUSDT,7.371e-05,2.457e-05,3
2025-02-17,BTCUSDT,0.00014645,4.881666666666667e-05,3
2025-02-18,BTCUSDT,0.00029488,9.829333333333334e-05,3
2025-02-19,BTCUSDT,0.00023746,7.915333333333333e-05,3
2025-02-20,BTCUSDT,0.00013035,4.345e-05,3
2025-02-21,BTCUSDT,2.3120000000000002e-05,7.706666666666667e-06,3
2025-02-22,BTCUSDT,0.00018784,6.261333333333333e-05,3
2025-02-23,BTCUSDT,8.73e-05,2.91e-05,3
2025-02-24,BTCUSDT,5.961e-05,1.987e-05,3
2025-02-25,BTCUSDT,0.0001663,5.543333333333334e-05,3
2025-02-26,BTCUSDT,0.00019526,6.508666666666666e-05,3
2025-02-27,BTCUSDT,0.00018121,6.040333333333334e-05,3
2025-02-28,BTCUSDT,0.00018592,6.197333333333333e-05,3
2025-03-01,BTCUSDT,-6.98e-05,-2.326666666666667e-05,3
2025-03-02,BTCUSDT,-6.746000000000001e-05,-2.248666666666667e-05,3
2025-03-03,BTCUSDT,5.45e-06,1.8166666666666667e-06,3
2025-03-04,BTCUSDT,-4.899999999999999e-06,-1.6333333333333329e-06,3
2025-03-05,BTCUSDT,0.00011863,3.954333333333333e-05,3
2025-03-06,BTCUSDT,0.00016769,5.589666666666666e-05,3
2025-03-07,BTCUSDT,-1.230000000000001e-06,-4.100000000000003e-07,3
2025-03-08,BTCUSDT,6.909e-05,2.303e-05,3
2025-03-09,BTCUSDT,0.00010439000000000001,3.479666666666667e-05,3
2025-03-10,BTCUSDT,9.333e-05,3.111e-05,3
2025-03-11,BTCUSDT,0.00016711,5.570333333333333e-05,3
2025-03-12,BTCUSDT,0.00010404,3.468e-05,3
2025-03-13,BTCUSDT,5.6890000000000006e-05,1.8963333333333335e-05,3
2025-03-14,BTCUSDT,0.00011074,3.691333333333333e-05,3
2025-03-15,BTCUSDT,-8.745e-05,-2.915e-05,3
2025-03-16,BTCUSDT,5.915e-05,1.9716666666666667e-05,3
2025-03-17,BTCUSDT,0.00010398,3.4660000000000004e-05,3
2025-03-18,BTCUSDT,6.276e-05,2.092e-05,3
2025-03-19,BTCUSDT,0.00011185,3.728333333333333e-05,3
2025-03-20,BTCUSDT,6.82e-05,2.2733333333333335e-05,3
2025-03-21,BTCUSDT,9.457e-05,3.152333333333333e-05,3
2025-03-22,BTCUSDT,6.158e-05,2.0526666666666668e-05,3
2025-03-23,BTCUSDT,5.935e-05,1.9783333333333334e-05,3
2025-03-24,BTCUSDT,4.129e-05,1.3763333333333333e-05,3
2025-03-25,BTCUSDT,-2.8729999999999998e-05,-9.576666666666666e-06,3
2025-03-26,BTCUSDT,-4.413e-05,-1.471e-05,3
2025-03-27,BTCUSDT,4.888e-05,1.6293333333333332e-05,3
2025-03-28,BTCUSDT,9.245000000000001e-05,3.081666666666667e-05,3
2025-03-29,BTCUSDT,0.00016108,5.369333333333333e-05,3
2025-03-30,BTCUSDT,5.356e-05,1.7853333333333334e-05,3
2025-03-31,BTCUSDT,0.00010508,3.502666666666667e-05,3
2025-04-01,BTCUSDT,0.00010423,3.474333333333333e-05,3
2025-04-02,BTCUSDT,1.657e-05,5.523333333333333e-06,3
2025-04-03,BTCUSDT,0.00017384,5.7946666666666665e-05,3
2025-04-04,BTCUSDT,0.00017057,5.685666666666666e-05,3
2025-04-05,BTCUSDT,0.00016403999999999998,5.467999999999999e-05,3
2025-04-06,BTCUSDT,4.981e-05,1.6603333333333334e-05,3
2025-04-07,BTCUSDT,0.00016801,5.600333333333334e-05,3
2025-04-08,BTCUSDT,0.00010783,3.594333333333333e-05,3
2025-04-09,BTCUSDT,0.00014172,4.7239999999999995e-05,3
2025-04-10,BTCUSDT,0.00014594,4.864666666666667e-05,3
2025-04-11,BTCUSDT,1.0610000000000002e-05,3.5366666666666674e-06,3
2025-04-12,BTCUSDT,0.00014682,4.894e-05,3
2025-04-13,BTCUSDT,0.00023128,7.709333333333334e-05,3
2025-04-14,BTCUSDT,0.00017668,5.8893333333333334e-05,3
2025-04-15,BTCUSDT,6.416000000000001e-05,2.138666666666667e-05,3
2025-04-16,BTCUSDT,0.00011323,3.7743333333333335e-05,3
2025-04-17,BTCUSDT,0.00010507999999999999,3.502666666666666e-05,3
2025-04-18,BTCUSDT,0.00011854000000000001,3.951333333333334e-05,3
2025-04-19,BTCUSDT,7.001e-05,2.3336666666666666e-05,3
2025-04-20,BTCUSDT,-3.634e-05,-1.2113333333333333e-05,3
2025-04-21,BTCUSDT,0.00012188,4.062666666666667e-05,3
2025-04-22,BTCUSDT,-3.9999999999999956e-07,-1.3333333333333318e-07,3
2025-04-23,BTCUSDT,4.572e-05,1.5240000000000001e-05,3
2025-04-24,BTCUSDT,3.739999999999998e-06,1.246666666666666e-06,3
2025-04-25,BTCUSDT,-1.4740000000000001e-05,-4.9133333333333334e-06,3
2025-04-26,BTCUSDT,-0.00010004,-3.3346666666666664e-05,3
2025-04-27,BTCUSDT,-2.5810000000000002e-05,-8.603333333333335e-06,3
2025-04-28,BTCUSDT,-5.202e-05,-1.734e-05,3
2025-04-29,BTCUSDT,9.45e-06,3.15e-06,3
2025-04-30,BTCUSDT,-6.0389999999999996e-05,-2.013e-05,3
2025-05-01,BTCUSDT,1.2460000000000006e-05,4.153333333333336e-06,3
2025-05-02,BTCUSDT,-0.00030303000000000003,-0.00010101000000000001,3
2025-05-03,BTCUSDT,-4.238e-05,-1.4126666666666666e-05,3
2025-05-04,BTCUSDT,7.344e-05,2.448e-05,3
2025-05-05,BTCUSDT,-1.0150000000000003e-05,-3.383333333333334e-06,3
2025-05-06,BTCUSDT,7.175000000000001e-05,2.391666666666667e-05,3
2025-05-07,BTCUSDT,2.513e-05,8.376666666666667e-06,3
2025-05-08,BTCUSDT,0.00012654,4.218e-05,3
2025-05-09,BTCUSDT,0.00024378,8.126e-05,3
2025-05-10,BTCUSDT,0.00023914000000000002,7.971333333333333e-05,3
2025-05-11,BTCUSDT,0.00024150000000000002,8.05e-05,3
2025-05-12,BTCUSDT,0.00016755,5.585e-05,3
2025-05-13,BTCUSDT,0.00024103,8.034333333333333e-05,3
2025-05-14,BTCUSDT,0.00020637999999999999,6.879333333333332e-05,3
2025-05-15,BTCUSDT,9.753e-05,3.251e-05,3
2025-05-16,BTCUSDT,0.00016807,5.6023333333333336e-05,3
2025-05-17,BTCUSDT,6.758e-05,2.2526666666666666e-05,3
2025-05-18,BTCUSDT,0.00022645,7.548333333333333e-05,3
2025-05-19,BTCUSDT,0.0001414,4.713333333333333e-05,3
2025-05-20,BTCUSDT,0.00016751,5.583666666666667e-05,3
2025-05-21,BTCUSDT,0.00021033,7.011e-05,3
2025-05-22,BTCUSDT,0.00030000000000000003,0.0001,3
2025-05-23,BTCUSDT,0.00025195999999999997,8.398666666666666e-05,3
2025-05-24,BTCUSDT,0.00015951,5.317e-05,3
2025-05-25,BTCUSDT,0.00018558,6.186e-05,3
2025-05-26,BTCUSDT,0.00027113,9.037666666666667e-05,3
2025-05-27,BTCUSDT,0.00017392,5.797333333333333e-05,3
2025-05-28,BTCUSDT,0.00010792,3.597333333333333e-05,3
2025-05-29,BTCUSDT,0.00014377,4.792333333333333e-05,3
2025-05-30,BTCUSDT,0.00013863,4.621e-05,3
2025-05-31,BTCUSDT,0.00020745,6.915e-05,3
2025-06-01,BTCUSDT,5.87e-05,1.9566666666666667e-05,3
2025-06-02,BTCUSDT,9.418e-05,3.139333333333333e-05,3
2025-06-03,BTCUSDT,0.00015527,5.1756666666666665e-05,3
2025-06-04,BTCUSDT,3.562e-05,1.1873333333333334e-05,3
2025-06-05,BTCUSDT,8.101e-05,2.7003333333333333e-05,3
2025-06-06,BTCUSDT,-9.516e-05,-3.172e-05,3
2025-06-07,BTCUSDT,-5.754e-05,-1.918e-05,3
2025-06-08,BTCUSDT,6.819000000000001e-05,2.2730000000000004e-05,3
2025-06-09,BTCUSDT,4.9170000000000005e-05,1.639e-05,3
2025-06-10,BTCUSDT,0.00024539,8.179666666666667e-05,3
2025-06-11,BTCUSDT,0.00022208,7.402666666666667e-05,3
2025-06-12,BTCUSDT,0.00010301,3.4336666666666666e-05,3
2025-06-13,BTCUSDT,1.786e-05,5.953333333333333e-06,3
2025-06-14,BTCUSDT,6.951e-05,2.317e-05,3
2025-06-15,BTCUSDT,5.167e-05,1.722333333333333e-05,3
2025-06-16,BTCUSDT,8.799e-05,2.9330000000000002e-05,3
2025-06-17,BTCUSDT,9.834000000000001e-05,3.278e-05,3
2025-06-18,BTCUSDT,8.635e-05,2.8783333333333333e-05,3
2025-06-19,BTCUSDT,3.8570000000000005e-05,1.2856666666666668e-05,3
2025-06-20,BTCUSDT,0.00013827000000000002,4.609000000000001e-05,3
2025-06-21,BTCUSDT,0.0001335,4.45e-05,3
2025-06-22,BTCUSDT,0.00017028,5.676e-05,3
2025-06-23,BTCUSDT,1.019e-05,3.396666666666667e-06,3
2025-06-24,BTCUSDT,2.91e-05,9.7e-06,3
2025-06-25,BTCUSDT,5.350000000000001e-06,1.7833333333333338e-06,3
2025-06-26,BTCUSDT,4.6280000000000004e-05,1.542666666666667e-05,3
2025-06-27,BTCUSDT,6.333e-05,2.1110000000000003e-05,3
2025-06-28,BTCUSDT,9.326e-05,3.108666666666667e-05,3
2025-06-29,BTCUSDT,0.0001661,5.5366666666666666e-05,3
2025-06-30,BTCUSDT,8.966e-05,2.988666666666667e-05,3
2025-07-01,BTCUSDT,6.496e-05,2.1653333333333335e-05,3
2025-07-02,BTCUSDT,9.34e-05,3.113333333333333e-05,3
2025-07-03,BTCUSDT,0.00013461000000000001,4.487e-05,3
2025-07-04,BTCUSDT,0.00012035999999999999,4.0119999999999995e-05,3
2025-07-05,BTCUSDT,8.125999999999999e-05,2.7086666666666663e-05,3
2025-07-06,BTCUSDT,4.634e-05,1.5446666666666666e-05,3
2025-07-07,BTCUSDT,0.00010069,3.356333333333333e-05,3
2025-07-08,BTCUSDT,9.237000000000001e-05,3.079e-05,3
2025-07-09,BTCUSDT,0.00010742,3.5806666666666664e-05,3
2025-07-10,BTCUSDT,0.00020431,6.810333333333333e-05,3
2025-07-11,BTCUSDT,0.00030000000000000003,0.0001,3
2025-07-12,BTCUSDT,0.00030000000000000003,0.0001,3
2025-07-13,BTCUSDT,0.00030000000000000003,0.0001,3
2025-07-14,BTCUSDT,0.00028051,9.350333333333332e-05,3
2025-07-15,BTCUSDT,0.00030000000000000003,0.0001,3
2025-07-16,BTCUSDT,0.00030000000000000003,0.0001,3
2025-07-17,BTCUSDT,0.00030000000000000003,0.0001,3
2025-07-18,BTCUSDT,0.00030000000000000003,0.0001,3
2025-07-19,BTCUSDT,0.00030000000000000003,0.0001,3
2025-07-20,BTCUSDT,0.00030000000000000003,0.0001,3
2025-07-21,BTCUSDT,0.00030000000000000003,0.0001,3
2025-07-22,BTCUSDT,0.00030000000000000003,0.0001,3
2025-07-23,BTCUSDT,0.00030000000000000003,0.0001,3
2025-07-24,BTCUSDT,0.00030000000000000003,0.0001,3
2025-07-25,BTCUSDT,0.00030000000000000003,0.0001,3
2025-07-26,BTCUSDT,0.00030000000000000003,0.0001,3
2025-07-27,BTCUSDT,0.00030000000000000003,0.0001,3
2025-07-28,BTCUSDT,0.00030000000000000003,0.0001,3
2025-07-29,BTCUSDT,0.00030000000000000003,0.0001,3
2025-07-30,BTCUSDT,0.00030000000000000003,0.0001,3
2025-07-31,BTCUSDT,0.00025694,8.564666666666667e-05,3
2025-08-01,BTCUSDT,5.8219999999999995e-05,1.9406666666666665e-05,3
2025-08-02,BTCUSDT,0.00010140999999999999,3.380333333333333e-05,3
2025-08-03,BTCUSDT,0.0001767,5.89e-05,3
2025-08-04,BTCUSDT,0.00013819,4.606333333333334e-05,3
2025-08-05,BTCUSDT,0.00020474000000000002,6.824666666666668e-05,3
2025-08-06,BTCUSDT,0.00022735000000000002,7.578333333333334e-05,3
2025-08-07,BTCUSDT,0.00018692,6.230666666666666e-05,3
2025-08-08,BTCUSDT,0.00012104999999999999,4.035e-05,3
2025-08-09,BTCUSDT,0.00023073,7.691000000000001e-05,3
2025-08-10,BTCUSDT,0.00029849,9.949666666666667e-05,3
2025-08-11,BTCUSDT,0.00030000000000000003,0.0001,3
2025-08-12,BTCUSDT,0.00026531,8.843666666666666e-05,3
2025-08-13,BTCUSDT,0.00027123,9.041000000000001e-05,3
2025-08-14,BTCUSDT,0.00030000000000000003,0.0001,3
2025-08-15,BTCUSDT,0.00013651,4.5503333333333335e-05,3
2025-08-16,BTCUSDT,0.00026141,8.713666666666667e-05,3
2025-08-17,BTCUSDT,0.00014748,4.916e-05,3
2025-08-18,BTCUSDT,7.46e-05,2.4866666666666667e-05,3
2025-08-19,BTCUSDT,0.00016565999999999998,5.5219999999999996e-05,3
2025-08-20,BTCUSDT,0.00010843,3.614333333333334e-05,3
2025-08-21,BTCUSDT,0.00016314,5.4380000000000005e-05,3
2025-08-22,BTCUSDT,0.00023163,7.721e-05,3
2025-08-23,BTCUSDT,0.00029711,9.903666666666667e-05,3
2025-08-24,BTCUSDT,0.00030000000000000003,0.0001,3
2025-08-25,BTCUSDT,0.00028344000000000004,9.448000000000002e-05,3
2025-08-26,BTCUSDT,0.00018422,6.140666666666667e-05,3
2025-08-27,BTCUSDT,0.00010800999999999999,3.600333333333333e-05,3
2025-08-28,BTCUSDT,0.00022501999999999998,7.500666666666666e-05,3
2025-08-29,BTCUSDT,0.00010761000000000001,3.587e-05,3
2025-08-30,BTCUSDT,0.00023544,7.848000000000001e-05,3
2025-08-31,BTCUSDT,0.00013517,4.5056666666666665e-05,3
2025-09-01,BTCUSDT,0.00019623,6.541e-05,3
2025-09-02,BTCUSDT,0.00022107,7.369e-05,3
2025-09-03,BTCUSDT,8.238000000000001e-05,2.746e-05,3
2025-09-04,BTCUSDT,0.00014134,4.7113333333333335e-05,3
2025-09-05,BTCUSDT,0.00025404000000000003,8.468000000000001e-05,3
2025-09-06,BTCUSDT,0.00012067,4.022333333333333e-05,3
2025-09-07,BTCUSDT,0.00012550000000000001,4.183333333333334e-05,3
2025-09-08,BTCUSDT,0.00023397,7.799e-05,3
2025-09-09,BTCUSDT,0.00023799000000000002,7.933e-05,3
2025-09-10,BTCUSDT,0.00020831000000000002,6.943666666666667e-05,3
2025-09-11,BTCUSDT,0.00013452,4.4840000000000004e-05,3
2025-09-12,BTCUSDT,0.00016796,5.598666666666667e-05,3
2025-09-13,BTCUSDT,3.834e-05,1.2780000000000001e-05,3
2025-09-14,BTCUSDT,0.00016077,5.359e-05,3
2025-09-15,BTCUSDT,0.00022655,7.551666666666667e-05,3
2025-09-16,BTCUSDT,0.0001446,4.82e-05,3
2025-09-17,BTCUSDT,0.00021716,7.238666666666666e-05,3
2025-09-18,BTCUSDT,0.00018077,6.025666666666666e-05,3
2025-09-19,BTCUSDT,7.141999999999999e-05,2.3806666666666663e-05,3
2025-09-20,BTCUSDT,2.724e-05,9.08e-06,3
2025-09-21,BTCUSDT,9.829999999999996e-06,3.2766666666666652e-06,3
2025-09-22,BTCUSDT,0.00013246,4.415333333333333e-05,3
2025-09-23,BTCUSDT,0.00021622999999999998,7.207666666666666e-05,3
2025-09-24,BTCUSDT,0.00016947,5.6489999999999996e-05,3
2025-09-25,BTCUSDT,0.00011070000000000001,3.69e-05,3
2025-09-26,BTCUSDT,0.00015219000000000002,5.0730000000000004e-05,3
2025-09-27,BTCUSDT,0.00011236,3.7453333333333336e-05,3
2025-09-28,BTCUSDT,0.00013550999999999998,4.5169999999999996e-05,3
2025-09-29,BTCUSDT,3.6479999999999996e-05,1.2159999999999999e-05,3
2025-09-30,BTCUSDT,0.0001083,3.61e-05,3
2025-10-01,BTCUSDT,0.00016812,5.6040000000000006e-05,3
2025-10-02,BTCUSDT,0.00027327,9.109e-05,3
2025-10-03,BTCUSDT,0.00029926,9.975333333333333e-05,3
2025-10-04,BTCUSDT,0.00028312,9.437333333333333e-05,3
2025-10-05,BTCUSDT,0.00028214,9.404666666666667e-05,3
2025-10-06,BTCUSDT,0.00023211,7.737e-05,3
2025-10-07,BTCUSDT,0.00024802,8.267333333333333e-05,3
2025-10-08,BTCUSDT,0.00017938,5.9793333333333336e-05,3
2025-10-09,BTCUSDT,8.149e-05,2.716333333333333e-05,3
2025-10-10,BTCUSDT,5.677e-05,1.8923333333333332e-05,3
2025-10-11,BTCUSDT,0.00020467,6.822333333333333e-05,3
2025-10-12,BTCUSDT,-0.00011104999999999999,-3.701666666666666e-05,3
2025-10-13,BTCUSDT,-3.7279999999999995e-05,-1.2426666666666666e-05,3
2025-10-14,BTCUSDT,-7.827e-05,-2.609e-05,3
2025-10-15,BTCUSDT,-1.2269999999999996e-05,-4.089999999999999e-06,3
2025-10-16,BTCUSDT,-7.975e-05,-2.6583333333333333e-05,3
2025-10-17,BTCUSDT,-1.21e-05,-4.033333333333333e-06,3
2025-10-18,BTCUSDT,-0.00014876,-4.958666666666667e-05,3
2025-10-19,BTCUSDT,2.8879999999999998e-05,9.626666666666665e-06,3
2025-10-20,BTCUSDT,-2.8800000000000002e-05,-9.600000000000001e-06,3
2025-10-21,BTCUSDT,-5.851e-05,-1.9503333333333334e-05,3
2025-10-22,BTCUSDT,3.9349999999999994e-05,1.3116666666666664e-05,3
2025-10-23,BTCUSDT,0.00015517,5.172333333333333e-05,3
2025-10-24,BTCUSDT,8.398e-05,2.7993333333333335e-05,3
2025-10-25,BTCUSDT,0.00012074,4.024666666666667e-05,3
2025-10-26,BTCUSDT,9.342e-05,3.114e-05,3
2025-10-27,BTCUSDT,0.00027304,9.101333333333334e-05,3
2025-10-28,BTCUSDT,0.00016857,5.6189999999999996e-05,3
2025-10-29,BTCUSDT,8.559e-05,2.853e-05,3
2025-10-30,BTCUSDT,8.108e-05,2.7026666666666667e-05,3
2025-10-31,BTCUSDT,0.00020213000000000002,6.737666666666667e-05,3
2025-11-01,BTCUSDT,0.00029782,9.927333333333334e-05,3
2025-11-02,BTCUSDT,0.00021985,7.328333333333333e-05,3
2025-11-03,BTCUSDT,0.0001828,6.0933333333333335e-05,3
2025-11-04,BTCUSDT,0.00022147,7.382333333333334e-05,3
2025-11-05,BTCUSDT,0.00012779,4.2596666666666665e-05,3
2025-11-06,BTCUSDT,0.00016395,5.465e-05,3
2025-11-07,BTCUSDT,0.00017563,5.854333333333333e-05,3
2025-11-08,BTCUSDT,0.00014563,4.854333333333333e-05,3
2025-11-09,BTCUSDT,0.00011495,3.8316666666666665e-05,3
2025-11-10,BTCUSDT,0.00021204,7.068000000000001e-05,3
2025-11-11,BTCUSDT,5.8660000000000004e-05,1.9553333333333335e-05,3
2025-11-12,BTCUSDT,8.935e-05,2.9783333333333333e-05,3
2025-11-13,BTCUSDT,0.00017877,5.959e-05,3
2025-11-14,BTCUSDT,0.00026773,8.924333333333333e-05,3
2025-11-15,BTCUSDT,0.00024430000000000003,8.143333333333334e-05,3
2025-11-16,BTCUSDT,0.00024805,8.268333333333333e-05,3
2025-11-17,BTCUSDT,0.00026776,8.925333333333334e-05,3
2025-11-18,BTCUSDT,0.00023725,7.908333333333334e-05,3
2025-11-19,BTCUSDT,0.00016488,5.496e-05,3
2025-11-20,BTCUSDT,0.00023258,7.752666666666667e-05,3
2025-11-21,BTCUSDT,0.00011438,3.812666666666667e-05,3
2025-11-22,BTCUSDT,0.00013165,4.3883333333333334e-05,3
2025-11-23,BTCUSDT,3.0720000000000004e-05,1.0240000000000002e-05,3
2025-11-24,BTCUSDT,4.904e-05,1.6346666666666667e-05,3
2025-11-25,BTCUSDT,-6.313e-05,-2.1043333333333332e-05,3
2025-11-26,BTCUSDT,9.007e-05,3.002333333333333e-05,3
2025-11-27,BTCUSDT,4.433e-05,1.4776666666666665e-05,3
2025-11-28,BTCUSDT,6.075e-05,2.025e-05,3
2025-11-29,BTCUSDT,2.431e-05,8.103333333333333e-06,3
2025-11-30,BTCUSDT,0.00013518,4.506e-05,3
2025-12-01,BTCUSDT,8.237e-05,2.7456666666666667e-05,3
2025-12-02,BTCUSDT,5.633e-05,1.8776666666666666e-05,3
2025-12-03,BTCUSDT,1.589e-05,5.296666666666666e-06,3
2025-12-04,BTCUSDT,0.00010968000000000001,3.656e-05,3
2025-12-05,BTCUSDT,0.00010172,3.3906666666666665e-05,3
2025-12-06,BTCUSDT,3.79e-05,1.2633333333333333e-05,3
2025-12-07,BTCUSDT,0.00011070000000000001,3.69e-05,3
2025-12-08,BTCUSDT,9.401e-05,3.133666666666667e-05,3
2025-12-09,BTCUSDT,0.00012674,4.224666666666666e-05,3
2025-12-10,BTCUSDT,7.978e-05,2.6593333333333332e-05,3
2025-12-11,BTCUSDT,7.113e-05,2.371e-05,3
2025-12-12,BTCUSDT,0.00014995,4.998333333333334e-05,3
2025-12-13,BTCUSDT,0.00012182,4.0606666666666665e-05,3
2025-12-14,BTCUSDT,0.00016671,5.5570000000000005e-05,3
2025-12-15,BTCUSDT,2.378e-05,7.926666666666666e-06,3
2025-12-16,BTCUSDT,0.00012906000000000001,4.3020000000000005e-05,3
2025-12-17,BTCUSDT,0.00021125,7.041666666666667e-05,3
2025-12-18,BTCUSDT,0.00013717999999999998,4.5726666666666664e-05,3
2025-12-19,BTCUSDT,0.00025491,8.497000000000001e-05,3
2025-12-20,BTCUSDT,0.00018405,6.135e-05,3
2025-12-21,BTCUSDT,0.00022532,7.510666666666666e-05,3
2025-12-22,BTCUSDT,0.00015567,5.189e-05,3
2025-12-23,BTCUSDT,9.659e-05,3.219666666666666e-05,3
2025-12-24,BTCUSDT,0.00024382,8.127333333333334e-05,3
2025-12-25,BTCUSDT,0.00022228000000000002,7.409333333333334e-05,3
2025-12-26,BTCUSDT,0.00019805000000000002,6.601666666666667e-05,3
2025-12-27,BTCUSDT,0.00010447000000000001,3.4823333333333336e-05,3
2025-12-28,BTCUSDT,0.00017383,5.794333333333334e-05,3
2025-12-29,BTCUSDT,0.00024826000000000004,8.275333333333335e-05,3
2025-12-30,BTCUSDT,0.00022958,7.652666666666667e-05,3
2025-12-31,BTCUSDT,8.125e-05,2.7083333333333332e-05,3
2026-01-01,BTCUSDT,0.00021711,7.237e-05,3
2026-01-02,BTCUSDT,0.0001464,4.88e-05,3
2026-01-03,BTCUSDT,0.00011103,3.701e-05,3
2026-01-04,BTCUSDT,0.00019737,6.578999999999999e-05,3
2026-01-05,BTCUSDT,0.00021846000000000002,7.282000000000001e-05,3
2026-01-06,BTCUSDT,4.131e-05,1.377e-05,3
2026-01-07,BTCUSDT,0.00019467,6.489e-05,3
2026-01-08,BTCUSDT,0.00025129,8.376333333333332e-05,3
2026-01-09,BTCUSDT,4.663e-05,1.5543333333333334e-05,3
2026-01-10,BTCUSDT,0.00019535,6.511666666666667e-05,3
2026-01-11,BTCUSDT,0.00015081,5.027e-05,3
2026-01-12,BTCUSDT,9.365e-05,3.121666666666667e-05,3
2026-01-13,BTCUSDT,0.00015528,5.176e-05,3
2026-01-14,BTCUSDT,6.702e-05,2.2340000000000003e-05,3
2026-01-15,BTCUSDT,2.908e-05,9.693333333333333e-06,3
2026-01-16,BTCUSDT,0.00017172,5.7239999999999994e-05,3
2026-01-17,BTCUSDT,5.805e-05,1.935e-05,3
2026-01-18,BTCUSDT,0.00019690000000000002,6.563333333333333e-05,3
2026-01-19,BTCUSDT,7.91e-05,2.6366666666666666e-05,3
2026-01-20,BTCUSDT,0.00022097,7.365666666666667e-05,3
2026-01-21,BTCUSDT,0.00018465000000000002,6.155e-05,3
2026-01-22,BTCUSDT,0.00020884,6.961333333333333e-05,3
2026-01-23,BTCUSDT,0.00015448,5.149333333333333e-05,3
2026-01-24,BTCUSDT,0.00014341,4.780333333333334e-05,3
2026-01-25,BTCUSDT,0.00014303999999999999,4.768e-05,3
2026-01-26,BTCUSDT,0.0001252,4.1733333333333336e-05,3
2026-01-27,BTCUSDT,0.00017798,5.932666666666667e-05,3
2026-01-28,BTCUSDT,0.00016241,5.413666666666667e-05,3
2026-01-29,BTCUSDT,0.00017089,5.696333333333334e-05,3
2026-01-30,BTCUSDT,6.502e-05,2.167333333333333e-05,3
2026-01-31,BTCUSDT,0.00019826,6.608666666666666e-05,3
2026-02-01,BTCUSDT,1.8760000000000003e-05,6.253333333333334e-06,3
2026-02-02,BTCUSDT,-8.688e-05,-2.8959999999999997e-05,3
2026-02-03,BTCUSDT,-4.230000000000001e-06,-1.4100000000000003e-06,3
2026-02-04,BTCUSDT,8.287999999999999e-05,2.7626666666666664e-05,3
2026-02-05,BTCUSDT,4.5140000000000005e-05,1.5046666666666668e-05,3
2026-02-06,BTCUSDT,-0.00028763000000000004,-9.587666666666668e-05,3
2026-02-07,BTCUSDT,-0.00026410999999999996,-8.803666666666665e-05,3
2026-02-08,BTCUSDT,-0.00011813000000000001,-3.937666666666667e-05,3
2026-02-09,BTCUSDT,-5.513000000000001e-05,-1.837666666666667e-05,3
2026-02-10,BTCUSDT,-0.00022443,-7.481e-05,3
2026-02-11,BTCUSDT,-8.186e-05,-2.7286666666666667e-05,3
2026-02-12,BTCUSDT,3.900000000000002e-06,1.3000000000000005e-06,3
2026-02-13,BTCUSDT,5.276e-05,1.758666666666667e-05,3
2026-02-14,BTCUSDT,1.371e-05,4.5699999999999994e-06,3
2026-02-15,BTCUSDT,1.225e-05,4.083333333333333e-06,3
2026-02-16,BTCUSDT,-4.73e-05,-1.5766666666666666e-05,3
2026-02-17,BTCUSDT,0.00013632,4.544e-05,3
2026-02-18,BTCUSDT,6.678000000000001e-05,2.2260000000000004e-05,3
2026-02-19,BTCUSDT,-4.3799999999999994e-05,-1.4599999999999997e-05,3
2026-02-20,BTCUSDT,5.996e-05,1.9986666666666666e-05,3
2026-02-21,BTCUSDT,0.00010176,3.392e-05,3
2026-02-22,BTCUSDT,5.744e-05,1.9146666666666667e-05,3
2026-02-23,BTCUSDT,-1.200000000000002e-06,-4.0000000000000067e-07,3
2026-02-24,BTCUSDT,4.331e-05,1.4436666666666665e-05,3
2026-02-25,BTCUSDT,1.4400000000000001e-05,4.800000000000001e-06,3
2026-02-26,BTCUSDT,8.810000000000002e-06,2.936666666666667e-06,3
2026-02-27,BTCUSDT,-9.77e-05,-3.256666666666667e-05,3
2026-02-28,BTCUSDT,-3.991e-05,-1.3303333333333334e-05,3
2026-03-01,BTCUSDT,6.823e-05,2.2743333333333333e-05,3
2026-03-02,BTCUSDT,-3.3379999999999996e-05,-1.1126666666666665e-05,3
2026-03-03,BTCUSDT,2.732e-05,9.106666666666667e-06,3
2026-03-04,BTCUSDT,1.8129999999999994e-05,6.043333333333331e-06,3
2026-03-05,BTCUSDT,8.706e-05,2.902e-05,3
2026-03-06,BTCUSDT,-3.548e-05,-1.1826666666666666e-05,3
2026-03-07,BTCUSDT,-7.299999999999947e-07,-2.4333333333333157e-07,3
2026-03-08,BTCUSDT,-8.479e-05,-2.8263333333333334e-05,3
2026-03-09,BTCUSDT,-0.0001378,-4.593333333333333e-05,3
2026-03-10,BTCUSDT,5.739999999999999e-06,1.913333333333333e-06,3
2026-03-11,BTCUSDT,-0.00022128,-7.376e-05,3
2026-03-12,BTCUSDT,-0.00020575,-6.858333333333332e-05,3
2026-03-13,BTCUSDT,8.359999999999998e-06,2.786666666666666e-06,3
2026-03-14,BTCUSDT,-9.218e-05,-3.0726666666666665e-05,3
2026-03-15,BTCUSDT,-5.6850000000000006e-05,-1.8950000000000003e-05,3
2026-03-16,BTCUSDT,0.00011667,3.889e-05,3
2026-03-17,BTCUSDT,-3.524e-05,-1.1746666666666667e-05,3
2026-03-18,BTCUSDT,-8.964e-05,-2.9880000000000002e-05,3
2026-03-19,BTCUSDT,-2.781e-05,-9.27e-06,3
2026-03-20,BTCUSDT,1.155e-05,3.8499999999999996e-06,3
2026-03-21,BTCUSDT,-1.138e-05,-3.793333333333333e-06,3
2026-03-22,BTCUSDT,-0.00010455999999999999,-3.485333333333333e-05,3
2026-03-23,BTCUSDT,-4.782e-05,-1.594e-05,3
2026-03-24,BTCUSDT,0.00010960000000000001,3.653333333333334e-05,3
2026-03-25,BTCUSDT,8.104999999999999e-05,2.7016666666666665e-05,3
2026-03-26,BTCUSDT,1.7239999999999998e-05,5.746666666666666e-06,3
2026-03-27,BTCUSDT,-9.214e-05,-3.071333333333333e-05,3
2026-03-28,BTCUSDT,-0.00015865,-5.2883333333333336e-05,3
2026-03-29,BTCUSDT,-1.0150000000000001e-05,-3.3833333333333337e-06,3
2026-03-30,BTCUSDT,1.55e-05,5.166666666666667e-06,3
2026-03-31,BTCUSDT,-4.568e-05,-1.5226666666666668e-05,3
2026-04-01,BTCUSDT,-3.3329999999999994e-05,-1.1109999999999999e-05,3
2026-04-02,BTCUSDT,-3.0320000000000008e-05,-1.010666666666667e-05,3
2026-04-03,BTCUSDT,-1.079e-05,-3.596666666666667e-06,3
2026-04-04,BTCUSDT,9.527e-05,3.175666666666667e-05,3
2026-04-05,BTCUSDT,8.108e-05,2.7026666666666667e-05,3
2026-04-06,BTCUSDT,0.0001304,4.346666666666667e-05,3
2026-04-07,BTCUSDT,0.00010781000000000001,3.593666666666667e-05,3
2026-04-08,BTCUSDT,0.00011631,3.877e-05,3
2026-04-09,BTCUSDT,3.106e-05,1.0353333333333333e-05,3
2026-04-10,BTCUSDT,6.819999999999999e-06,2.273333333333333e-06,3
2026-04-11,BTCUSDT,-0.00020062999999999998,-6.687666666666666e-05,3
2026-04-12,BTCUSDT,-0.00012133,-4.044333333333333e-05,3
2026-04-13,BTCUSDT,-5.826e-05,-1.942e-05,3
2026-04-14,BTCUSDT,-8.355999999999999e-05,-2.785333333333333e-05,3
2026-04-15,BTCUSDT,-0.00021548999999999998,-7.183e-05,3
2026-04-16,BTCUSDT,-8.484000000000001e-05,-2.8280000000000004e-05,3
2026-04-17,BTCUSDT,-4.711e-05,-1.5703333333333333e-05,3
2026-04-18,BTCUSDT,-0.00019766,-6.588666666666667e-05,3
2026-04-19,BTCUSDT,-0.0002789,-9.296666666666667e-05,3
2026-04-20,BTCUSDT,-0.00012137999999999999,-4.0459999999999995e-05,3
2026-04-21,BTCUSDT,-0.00018003,-6.0009999999999996e-05,3
2026-04-22,BTCUSDT,5.739999999999997e-06,1.913333333333332e-06,3
2026-04-23,BTCUSDT,-0.00018119,-6.0396666666666664e-05,3
2026-04-24,BTCUSDT,-0.00014846,-4.948666666666667e-05,3
2026-04-25,BTCUSDT,-0.00013011,-4.3370000000000007e-05,3
2026-04-26,BTCUSDT,5.8899999999999995e-06,1.9633333333333333e-06,3
2026-04-27,BTCUSDT,-0.00014088,-4.696e-05,3
2026-04-28,BTCUSDT,-1.9129999999999995e-05,-6.376666666666665e-06,3
2026-04-29,BTCUSDT,2.036e-05,6.786666666666667e-06,3
2026-04-30,BTCUSDT,-8.961e-05,-2.987e-05,3
2026-05-01,BTCUSDT,-8.699e-05,-2.899666666666667e-05,3
2026-05-02,BTCUSDT,-8.465e-05,-2.8216666666666667e-05,3
2026-05-03,BTCUSDT,1.595e-05,5.316666666666667e-06,3
2026-05-04,BTCUSDT,9.859999999999999e-06,3.2866666666666664e-06,3
2026-05-05,BTCUSDT,-0.00013249,-4.416333333333333e-05,3
2026-05-06,BTCUSDT,-0.00019059,-6.353e-05,3
2026-05-07,BTCUSDT,-0.00013438,-4.479333333333333e-05,3
2026-05-08,BTCUSDT,-4.991e-05,-2.4955e-05,2
