timestamp,symbol,open,high,low,close,volume_from,volume_to
2023-05-01T00:00:00+00:00,SOLUSD,22.73,22.88,21.59,21.97,1929816.28,42585381.91
2023-05-02T00:00:00+00:00,SOLUSD,21.97,22.4,21.76,22.27,1310200.69,28972915.43
2023-05-03T00:00:00+00:00,SOLUSD,22.27,22.3,21.25,22.24,1728560.62,37563066.09
2023-05-04T00:00:00+00:00,SOLUSD,22.24,22.53,21.63,21.74,1275932.05,28165584.11
2023-05-05T00:00:00+00:00,SOLUSD,21.74,23.07,21.66,22.85,2098591.65,46964188.54
2023-05-06T00:00:00+00:00,SOLUSD,22.85,23.27,21.63,21.97,1641310.48,36824163.55
2023-05-07T00:00:00+00:00,SOLUSD,21.97,22.8,21.69,21.7,1444135.14,32133191.65
2023-05-08T00:00:00+00:00,SOLUSD,21.7,21.85,20.06,20.69,2754289.26,57885042.91
2023-05-09T00:00:00+00:00,SOLUSD,20.69,21.06,20.4,20.69,1170238.48,24205886.44
2023-05-10T00:00:00+00:00,SOLUSD,20.69,21.32,19.99,20.94,2069780.53,43034997.18
2023-05-11T00:00:00+00:00,SOLUSD,20.94,20.95,19.8,20.2,1571469.04,31817109.46
2023-05-12T00:00:00+00:00,SOLUSD,20.2,20.97,19.83,20.92,1961429.09,40004621.46
2023-05-13T00:00:00+00:00,SOLUSD,20.92,21.29,20.79,20.85,896741.65,18828252.98
2023-05-14T00:00:00+00:00,SOLUSD,20.85,21.26,20.64,20.94,820782.42,17197778.23
2023-05-15T00:00:00+00:00,SOLUSD,20.94,21.52,20.62,20.99,1661879.18,35279719.01
2023-05-16T00:00:00+00:00,SOLUSD,20.99,21.14,20.44,20.68,1562256.05,32457511.93
2023-05-17T00:00:00+00:00,SOLUSD,20.68,21.19,20.43,21.06,1359624.9,28298787.6
2023-05-18T00:00:00+00:00,SOLUSD,21.06,21.09,20.1,20.34,1563014.63,32272526.21
2023-05-19T00:00:00+00:00,SOLUSD,20.34,20.58,20.24,20.35,598027.59,12203577.97
2023-05-20T00:00:00+00:00,SOLUSD,20.35,20.36,20.12,20.28,589006.63,11923047.85
2023-05-21T00:00:00+00:00,SOLUSD,20.28,20.39,19.44,19.62,875157.36,17454049.85
2023-05-22T00:00:00+00:00,SOLUSD,19.62,20.02,19.31,19.53,1295260.86,25489243.68
2023-05-23T00:00:00+00:00,SOLUSD,19.53,20.17,19.42,20.03,1164625.73,23202696.19
2023-05-24T00:00:00+00:00,SOLUSD,20.03,20.06,18.78,19.22,1609688.29,31051416.29
2023-05-25T00:00:00+00:00,SOLUSD,19.22,19.54,18.8,19.25,941891.4,18163214.76
2023-05-26T00:00:00+00:00,SOLUSD,19.25,19.56,19.09,19.36,580973.24,11249226.94
2023-05-27T00:00:00+00:00,SOLUSD,19.36,20.53,19.34,20.44,693897.83,13822990.28
2023-05-28T00:00:00+00:00,SOLUSD,20.44,21.18,20.31,20.82,1122610.37,23232716.4
2023-05-29T00:00:00+00:00,SOLUSD,20.82,20.99,20.28,20.59,971645.92,20052767.19
2023-05-30T00:00:00+00:00,SOLUSD,20.59,21.43,20.48,21.27,1940379.13,40908061.48
2023-05-31T00:00:00+00:00,SOLUSD,21.27,21.34,20.41,20.82,1220068.9,25266396.22
2023-06-01T00:00:00+00:00,SOLUSD,20.82,20.99,20.43,20.51,915884.5,18968372.25
2023-06-02T00:00:00+00:00,SOLUSD,20.51,21.37,20.32,21.26,1072349.98,22584893.94
2023-06-03T00:00:00+00:00,SOLUSD,21.26,21.36,20.99,21.21,585145.78,12378952.47
2023-06-04T00:00:00+00:00,SOLUSD,21.21,22.31,21.05,21.82,1339500.05,29292770.7
2023-06-05T00:00:00+00:00,SOLUSD,21.82,22.06,19.23,20.02,3154591.96,64969446.79
2023-06-06T00:00:00+00:00,SOLUSD,20.02,20.7,19.26,20.4,2091853.4,41826894.8
2023-06-07T00:00:00+00:00,SOLUSD,20.4,20.54,18.53,18.63,2314791.72,45027331.01
2023-06-08T00:00:00+00:00,SOLUSD,18.63,19.1,18.26,18.89,907949.52,17007325
2023-06-09T00:00:00+00:00,SOLUSD,18.89,19.36,17.11,17.4,2121056.34,38653266.03
2023-06-10T00:00:00+00:00,SOLUSD,17.4,17.41,13.13,15.64,5812236.49,87734042.11
2023-06-11T00:00:00+00:00,SOLUSD,15.64,16.17,15.13,15.55,1411842.79,22042187.49
2023-06-12T00:00:00+00:00,SOLUSD,15.55,15.68,14.75,15.18,1420312.63,21542962.86
2023-06-13T00:00:00+00:00,SOLUSD,15.18,15.99,14.77,15.03,1422396.31,21634642.46
2023-06-14T00:00:00+00:00,SOLUSD,15.03,15.35,14.12,14.48,1261873.28,18714703.42
2023-06-15T00:00:00+00:00,SOLUSD,14.48,15.05,14.17,14.77,1283928.79,18794111.23
2023-06-16T00:00:00+00:00,SOLUSD,14.77,15.45,14.43,15.32,1447075.02,21834878.39
2023-06-17T00:00:00+00:00,SOLUSD,15.32,16.1,15.16,15.65,861853.97,13524308.08
2023-06-18T00:00:00+00:00,SOLUSD,15.65,15.84,15.31,15.43,491829.19,7678517.01
2023-06-19T00:00:00+00:00,SOLUSD,15.43,16.13,15.36,16.1,733133.44,11503860.1
2023-06-20T00:00:00+00:00,SOLUSD,16.1,16.68,15.73,16.65,1517960.76,24582953.16
2023-06-21T00:00:00+00:00,SOLUSD,16.65,17.41,16.57,17.24,2236078.72,37898015.32
2023-06-22T00:00:00+00:00,SOLUSD,17.24,17.74,16.58,16.64,1315581.03,22524007.25
2023-06-23T00:00:00+00:00,SOLUSD,16.64,17.55,16.19,17.15,2379666.35,40268531.07
2023-06-24T00:00:00+00:00,SOLUSD,17.15,17.53,16.43,16.66,1235574.01,20935133.45
2023-06-25T00:00:00+00:00,SOLUSD,16.66,17.38,16.58,16.97,1147278.85,19569809.93
2023-06-26T00:00:00+00:00,SOLUSD,16.97,17.12,15.95,16.28,1436529.07,23801525.98
2023-06-27T00:00:00+00:00,SOLUSD,16.28,16.93,16.14,16.63,1294930.16,21477234.38
2023-06-28T00:00:00+00:00,SOLUSD,16.63,16.64,15.7,15.98,1747808.88,28247031.46
2023-06-29T00:00:00+00:00,SOLUSD,15.98,18.27,15.87,17.99,2625741.97,45742590.16
2023-06-30T00:00:00+00:00,SOLUSD,17.99,19.99,17.11,18.86,3056516.32,57111782.57
2023-07-01T00:00:00+00:00,SOLUSD,18.86,19.01,17.91,18.71,1014465.05,18636372.45
2023-07-02T00:00:00+00:00,SOLUSD,18.71,19.73,18.55,19.46,1577118.75,30247022.04
2023-07-03T00:00:00+00:00,SOLUSD,19.46,19.65,18.87,19.27,1005093.69,19337839.73
2023-07-04T00:00:00+00:00,SOLUSD,19.27,19.94,19.08,19.15,1029507.55,20030489.41
2023-07-05T00:00:00+00:00,SOLUSD,19.15,19.39,18.45,19,1162282.9,21870944.05
2023-07-06T00:00:00+00:00,SOLUSD,19,20.97,18.75,19.61,3637283.11,72288329.57
2023-07-07T00:00:00+00:00,SOLUSD,19.61,21.7,19.27,21.51,3377031.9,69662085.33
2023-07-08T00:00:00+00:00,SOLUSD,21.51,22.46,21.32,21.82,1959912,42760105.1
2023-07-09T00:00:00+00:00,SOLUSD,21.82,22.35,21.01,21.33,1182257.39,25582748.11
2023-07-10T00:00:00+00:00,SOLUSD,21.33,21.8,20.51,21.3,2078003.91,44008856.3
2023-07-11T00:00:00+00:00,SOLUSD,21.3,22.34,21.22,22.07,1390885.71,30543363.66
2023-07-12T00:00:00+00:00,SOLUSD,22.07,22.74,21.77,21.93,2038635.95,45421393.05
2023-07-13T00:00:00+00:00,SOLUSD,21.93,26.79,21.44,26.02,4578046.59,112040102.88
2023-07-14T00:00:00+00:00,SOLUSD,26.02,32.06,25.25,26.7,5914617.83,164647403.53
2023-07-15T00:00:00+00:00,SOLUSD,26.7,29.1,26.51,27.45,2780586.56,77616992.04
2023-07-16T00:00:00+00:00,SOLUSD,27.45,28.61,26.54,27.43,2089861.89,58227603.37
2023-07-17T00:00:00+00:00,SOLUSD,27.43,28.47,25.61,26.83,2941926.93,79483808.38
2023-07-18T00:00:00+00:00,SOLUSD,26.83,27.09,24.76,25.56,2439766.61,62512632.88
2023-07-19T00:00:00+00:00,SOLUSD,25.56,26.99,25.37,26.31,2475618.52,65210080.97
2023-07-20T00:00:00+00:00,SOLUSD,26.31,27.35,25.05,25.36,2241363.03,58814482.45
2023-07-21T00:00:00+00:00,SOLUSD,25.36,26.01,25.07,25.51,1304691.93,33312386.28
2023-07-22T00:00:00+00:00,SOLUSD,25.51,25.97,24.09,24.52,938917.66,23659080.27
2023-07-23T00:00:00+00:00,SOLUSD,24.52,25.25,24.16,24.76,1196929.41,29589539.29
2023-07-24T00:00:00+00:00,SOLUSD,24.76,24.83,22.87,23.37,1723093.66,40698588.87
2023-07-25T00:00:00+00:00,SOLUSD,23.37,24,22.75,23.29,1322488.01,30784991.58
2023-07-26T00:00:00+00:00,SOLUSD,23.29,25.65,23.18,25.18,2122730.31,52095173.98
2023-07-27T00:00:00+00:00,SOLUSD,25.18,25.65,24.68,25.1,1602133.72,40265979.19
2023-07-28T00:00:00+00:00,SOLUSD,25.1,25.52,24.52,24.81,1367070.84,34151035.91
2023-07-29T00:00:00+00:00,SOLUSD,24.81,25.38,24.74,25.16,766106.34,19243067.28
2023-07-30T00:00:00+00:00,SOLUSD,25.16,25.21,23.55,24.25,1208100.93,29669821.01
2023-07-31T00:00:00+00:00,SOLUSD,24.25,24.79,23.54,23.72,1307825.71,31654208.04
2023-08-01T00:00:00+00:00,SOLUSD,23.72,24.05,22.81,24.05,1443334.09,33853632.94
2023-08-02T00:00:00+00:00,SOLUSD,24.05,24.27,22.87,23.14,1324116.92,31130414.83
2023-08-03T00:00:00+00:00,SOLUSD,23.14,23.38,22.49,22.62,995059.72,22727563.66
2023-08-04T00:00:00+00:00,SOLUSD,22.62,23.55,22.5,22.77,1252802.79,28854342
2023-08-05T00:00:00+00:00,SOLUSD,22.77,22.91,22.22,22.63,561125.87,12695627.31
2023-08-06T00:00:00+00:00,SOLUSD,22.63,23.44,22.57,23.18,797415.07,18382691.2
2023-08-07T00:00:00+00:00,SOLUSD,23.18,23.61,22.33,23.11,817463.93,18743749.83
2023-08-08T00:00:00+00:00,SOLUSD,23.11,24.77,23.01,24.21,1786984.87,42680496.83
2023-08-09T00:00:00+00:00,SOLUSD,24.21,25,24.1,24.37,1347180.87,33110965.79
2023-08-10T00:00:00+00:00,SOLUSD,24.37,24.88,24.11,24.59,788164.54,19294073.76
2023-08-11T00:00:00+00:00,SOLUSD,24.59,24.89,24.32,24.61,820520.52,20166257.71
2023-08-12T00:00:00+00:00,SOLUSD,24.61,25.18,24.38,24.91,643368.17,15910138.7
2023-08-13T00:00:00+00:00,SOLUSD,24.91,24.94,24.19,24.21,512075.85,12589055.27
2023-08-14T00:00:00+00:00,SOLUSD,24.21,25.28,24.05,25.17,1242430.01,30722289.89
2023-08-15T00:00:00+00:00,SOLUSD,25.17,25.34,23.72,23.88,1419406.92,34606007.26
2023-08-16T00:00:00+00:00,SOLUSD,23.88,24,22.38,22.79,1634691.24,37954695.37
2023-08-17T00:00:00+00:00,SOLUSD,22.79,23.4,20.27,21.69,2361854.32,52640360.75
2023-08-18T00:00:00+00:00,SOLUSD,21.69,22.19,20.92,21.33,1416246.63,30663247.45
2023-08-19T00:00:00+00:00,SOLUSD,21.33,22.16,21.29,21.89,630110.33,13716213.39
2023-08-20T00:00:00+00:00,SOLUSD,21.89,22.03,21.58,21.77,397985.71,8673017.32
2023-08-21T00:00:00+00:00,SOLUSD,21.77,21.77,20.35,21.2,1222088.13,25814784.74
2023-08-22T00:00:00+00:00,SOLUSD,21.2,21.27,19.37,20.56,1454890.19,29694314.02
2023-08-23T00:00:00+00:00,SOLUSD,20.56,21.81,20.38,21.73,1538625.65,32454156.7
2023-08-24T00:00:00+00:00,SOLUSD,21.73,22.02,20.68,21.05,1116271.21,23861293.23
2023-08-25T00:00:00+00:00,SOLUSD,21.05,21.05,20.08,20.42,938883.12,19229716.09
2023-08-26T00:00:00+00:00,SOLUSD,20.42,20.43,20.18,20.28,288121.33,5846199.1
2023-08-27T00:00:00+00:00,SOLUSD,20.28,20.9,20.23,20.79,421942.32,8703634.15
2023-08-28T00:00:00+00:00,SOLUSD,20.79,20.79,20.03,20.55,747164.4,15293473.06
2023-08-29T00:00:00+00:00,SOLUSD,20.55,22.02,20.11,21.79,2009874.66,43104524.43
2023-08-30T00:00:00+00:00,SOLUSD,21.79,21.99,20.61,20.82,1126289.83,23853899.07
2023-08-31T00:00:00+00:00,SOLUSD,20.82,21.05,19.43,19.73,2036894.53,40987465.06
2023-09-01T00:00:00+00:00,SOLUSD,19.73,19.92,19.03,19.32,1308254.33,25529022.64
2023-09-02T00:00:00+00:00,SOLUSD,19.32,19.68,19.14,19.49,477963.05,9303242.26
2023-09-03T00:00:00+00:00,SOLUSD,19.49,19.66,19.24,19.57,480251.45,9355187.04
2023-09-04T00:00:00+00:00,SOLUSD,19.57,20.02,19.18,19.51,732674.12,14340090.33
2023-09-05T00:00:00+00:00,SOLUSD,19.51,20.57,19.04,20.26,1607009.67,32071933.35
2023-09-06T00:00:00+00:00,SOLUSD,20.26,20.37,19.15,19.64,1185166.35,23346044.78
2023-09-07T00:00:00+00:00,SOLUSD,19.64,19.99,19.32,19.91,889595.8,17484240.88
2023-09-08T00:00:00+00:00,SOLUSD,19.91,20.28,19.36,19.61,808577.24,15951678.76
2023-09-09T00:00:00+00:00,SOLUSD,19.61,19.61,19.37,19.44,321230.59,6265388.01
2023-09-10T00:00:00+00:00,SOLUSD,19.44,19.44,17.81,18.24,1945067.71,35702570.25
2023-09-11T00:00:00+00:00,SOLUSD,18.24,18.45,17.36,17.72,1976191.67,35117993.35
2023-09-12T00:00:00+00:00,SOLUSD,17.72,18.78,17.57,17.92,1802892.84,32553058.8
2023-09-13T00:00:00+00:00,SOLUSD,17.92,18.56,17.69,18.4,1793641.37,32656406.15
2023-09-14T00:00:00+00:00,SOLUSD,18.4,19.32,18.4,18.86,1430116.4,27057514.48
2023-09-15T00:00:00+00:00,SOLUSD,18.86,19.49,18.56,19.14,1214263.19,23027812.86
2023-09-16T00:00:00+00:00,SOLUSD,19.14,19.44,18.88,19.13,551791.81,10552890.07
2023-09-17T00:00:00+00:00,SOLUSD,19.13,19.14,18.66,18.82,378311.32,7150337.15
2023-09-18T00:00:00+00:00,SOLUSD,18.82,20.14,18.61,19.66,1611968.16,31623524
2023-09-19T00:00:00+00:00,SOLUSD,19.66,20.38,19.58,20.04,1062962.62,21278349.73
2023-09-20T00:00:00+00:00,SOLUSD,20.04,20.51,19.81,20.29,1284276.46,25908280.08
2023-09-21T00:00:00+00:00,SOLUSD,20.29,20.3,19.28,19.46,1467070.34,28829909.47
2023-09-22T00:00:00+00:00,SOLUSD,19.46,19.79,19.17,19.42,820242.58,15987737.87
2023-09-23T00:00:00+00:00,SOLUSD,19.42,19.57,19.29,19.48,431831.79,8393642.55
2023-09-24T00:00:00+00:00,SOLUSD,19.48,19.67,19.22,19.36,410654.26,8015635.64
2023-09-25T00:00:00+00:00,SOLUSD,19.36,19.74,19.1,19.39,858896,16737951.03
2023-09-26T00:00:00+00:00,SOLUSD,19.39,19.51,18.84,19.02,846679.45,16268094.95
2023-09-27T00:00:00+00:00,SOLUSD,19.02,19.46,18.74,19.12,1372952.7,26271842.25
2023-09-28T00:00:00+00:00,SOLUSD,19.12,20.03,19.09,19.98,1544820.78,30020126.04
2023-09-29T00:00:00+00:00,SOLUSD,19.98,20.45,19.86,20.27,905087.12,18287661.5
2023-09-30T00:00:00+00:00,SOLUSD,20.27,21.79,20.09,21.36,1321666.39,27753526.18
2023-10-01T00:00:00+00:00,SOLUSD,21.36,24.46,21.14,23.86,2233871.47,51515877.22
2023-10-02T00:00:00+00:00,SOLUSD,23.86,24.74,22.92,23.36,2408171.34,57631896.87
2023-10-03T00:00:00+00:00,SOLUSD,23.36,24.73,23.23,23.61,1850792.47,44313437.63
2023-10-04T00:00:00+00:00,SOLUSD,23.61,23.83,22.61,23.14,1435741.8,33230796.08
2023-10-05T00:00:00+00:00,SOLUSD,23.14,23.88,22.59,22.69,1162725.38,26913048.75
2023-10-06T00:00:00+00:00,SOLUSD,22.69,23.76,22.67,23.43,1178779.29,27488403.68
2023-10-07T00:00:00+00:00,SOLUSD,23.43,24.18,23.11,23.31,739403.07,17404929.6
2023-10-08T00:00:00+00:00,SOLUSD,23.31,23.64,23.09,23.24,440585.97,10295141.16
2023-10-09T00:00:00+00:00,SOLUSD,23.24,23.37,21.65,22.1,1136882.41,25496746.65
2023-10-10T00:00:00+00:00,SOLUSD,22.1,22.48,21.71,22.11,774347.69,17074119.8
2023-10-11T00:00:00+00:00,SOLUSD,22.11,22.4,21.61,22.01,1142643.46,25221990.12
2023-10-12T00:00:00+00:00,SOLUSD,22.01,22.03,20.96,21.29,916509.56,19583055.27
2023-10-13T00:00:00+00:00,SOLUSD,21.29,22.19,21.11,21.84,870966.29,18821343.42
2023-10-14T00:00:00+00:00,SOLUSD,21.84,22.23,21.81,22,396634.65,8730327.7
2023-10-15T00:00:00+00:00,SOLUSD,22,22.17,21.67,21.94,529238.23,11587038.61
2023-10-16T00:00:00+00:00,SOLUSD,21.94,24.79,21.91,23.97,2541698.47,59575012.95
2023-10-17T00:00:00+00:00,SOLUSD,23.97,24.55,23.49,23.95,1674379.25,40260870.09
2023-10-18T00:00:00+00:00,SOLUSD,23.95,24.41,23.36,23.42,1420938.64,33897231.35
2023-10-19T00:00:00+00:00,SOLUSD,23.42,25.62,23.15,24.94,2406067.46,59242355.89
2023-10-20T00:00:00+00:00,SOLUSD,24.94,27.43,24.75,27.04,3468950.93,92114809.85
2023-10-21T00:00:00+00:00,SOLUSD,27.04,30.27,26.67,29.33,2991552.15,86353042.15
2023-10-22T00:00:00+00:00,SOLUSD,29.33,30.01,28.1,29.05,1608197.72,46532806.5
2023-10-23T00:00:00+00:00,SOLUSD,29.05,32.73,28.76,31.92,4378223.71,132600620.07
2023-10-24T00:00:00+00:00,SOLUSD,31.92,32.58,29.53,30.18,4102788.47,128051981.3
2023-10-25T00:00:00+00:00,SOLUSD,30.18,33.87,30.01,32.44,3634002.55,117811341.25
2023-10-26T00:00:00+00:00,SOLUSD,32.44,33.26,30.73,32.77,3602522.13,115265505.83
2023-10-27T00:00:00+00:00,SOLUSD,32.77,33.34,31.31,31.74,2602715.95,84040760.73
2023-10-28T00:00:00+00:00,SOLUSD,31.74,32.51,31.41,31.65,895214.24,28597328.1
2023-10-29T00:00:00+00:00,SOLUSD,31.65,33.16,31.31,32.84,1709954.89,55670650.67
2023-10-30T00:00:00+00:00,SOLUSD,32.84,35.31,32.47,34.95,2933481.31,100384070
2023-10-31T00:00:00+00:00,SOLUSD,34.95,38.6,34.85,38.43,4650049.16,169712692.65
2023-11-01T00:00:00+00:00,SOLUSD,38.43,46.84,37.95,41.17,8116786.07,334965726.75
2023-11-02T00:00:00+00:00,SOLUSD,41.17,44.56,38.67,40.25,4749394.27,197689376.99
2023-11-03T00:00:00+00:00,SOLUSD,40.25,40.25,38.05,39.48,3296064.46,129114847.09
2023-11-04T00:00:00+00:00,SOLUSD,39.48,42.75,39.02,42.44,2287886.52,94716495.59
2023-11-05T00:00:00+00:00,SOLUSD,42.44,42.86,40.3,41.2,2111833.09,87552035.77
2023-11-06T00:00:00+00:00,SOLUSD,41.2,42.21,39.7,42.17,2754587.45,112100517.99
2023-11-07T00:00:00+00:00,SOLUSD,42.17,44.74,40.12,42.95,4781663.11,203308997.07
2023-11-08T00:00:00+00:00,SOLUSD,42.95,43.87,42.28,43.13,2380040.47,102557463.03
2023-11-09T00:00:00+00:00,SOLUSD,43.13,48.87,42.53,45.31,6781704.76,309437660.84
2023-11-10T00:00:00+00:00,SOLUSD,45.31,57.63,45.08,56.72,7278326.54,371407805.39
2023-11-11T00:00:00+00:00,SOLUSD,56.72,63.93,53.63,56.34,7115870.27,415819053.43
2023-11-12T00:00:00+00:00,SOLUSD,56.34,61.88,54.54,56.3,5073260.37,292290056.31
2023-11-13T00:00:00+00:00,SOLUSD,56.3,59.83,51.6,51.61,5403756.91,301609244.17
2023-11-14T00:00:00+00:00,SOLUSD,51.61,57.93,51.31,56.83,5262722.34,288902544.79
2023-11-15T00:00:00+00:00,SOLUSD,56.83,67.14,56.16,65.5,5620312.18,348592966.36
2023-11-16T00:00:00+00:00,SOLUSD,65.5,68.16,56.39,57.78,6712799.49,418696390.74
2023-11-17T00:00:00+00:00,SOLUSD,57.78,60.54,54.13,58.54,4487250.02,259607985.44
2023-11-18T00:00:00+00:00,SOLUSD,58.54,59.38,54.74,58.58,2839537.88,163809263.96
2023-11-19T00:00:00+00:00,SOLUSD,58.58,62.18,56.67,61.13,3337724.11,200925705.62
2023-11-20T00:00:00+00:00,SOLUSD,61.13,61.34,56.04,56.6,3374622.1,198524500.57
2023-11-21T00:00:00+00:00,SOLUSD,56.6,57.39,51.31,51.66,3993313.41,218119382.59
2023-11-22T00:00:00+00:00,SOLUSD,51.66,58.93,51.49,57.58,3451493.22,192027796.52
2023-11-23T00:00:00+00:00,SOLUSD,57.58,59.56,56.16,56.46,2295819.29,132106603.86
2023-11-24T00:00:00+00:00,SOLUSD,56.46,58.76,56.19,56.86,2232457.82,128511879.05
2023-11-25T00:00:00+00:00,SOLUSD,56.86,59.76,55.91,58.83,2067644.77,121055670.65
2023-11-26T00:00:00+00:00,SOLUSD,58.83,59.06,56.18,57.57,1776284.86,102471353.5
2023-11-27T00:00:00+00:00,SOLUSD,57.57,58.05,53.5,55.07,2500264.88,138158993.79
2023-11-28T00:00:00+00:00,SOLUSD,55.07,58.7,53.95,58.21,2347668.64,133449361.42
2023-11-29T00:00:00+00:00,SOLUSD,58.21,61.79,57.75,59.29,3214181.98,192338149.07
2023-11-30T00:00:00+00:00,SOLUSD,59.29,61.69,58.77,59.28,1684249.99,101024323.81
2023-12-01T00:00:00+00:00,SOLUSD,59.28,61.89,58.64,59.78,1933755.73,116934396.27
2023-12-02T00:00:00+00:00,SOLUSD,59.78,63.92,59.7,63.71,1942632.97,120751779.39
2023-12-03T00:00:00+00:00,SOLUSD,63.71,65.54,62.27,63,2599233.83,165325950.81
2023-12-04T00:00:00+00:00,SOLUSD,63,65.24,59.47,61.58,3982968.5,248450635.97
2023-12-05T00:00:00+00:00,SOLUSD,61.58,62.56,59.14,61.01,2436850.56,148106810.76
2023-12-06T00:00:00+00:00,SOLUSD,61.01,66.61,61.01,61.86,3825390.72,243125138.39
2023-12-07T00:00:00+00:00,SOLUSD,61.86,69.41,61.65,67.78,4060250.22,266641722.61
2023-12-08T00:00:00+00:00,SOLUSD,67.78,75.3,67.78,74.94,4191094.5,302233341.73
2023-12-09T00:00:00+00:00,SOLUSD,74.94,77.75,71.63,72.25,3662524.57,274764488.15
2023-12-10T00:00:00+00:00,SOLUSD,72.25,74.87,70.67,74.81,2448216.03,178843239.76
2023-12-11T00:00:00+00:00,SOLUSD,74.81,74.93,65.87,70.24,4436831.66,308479568.76
2023-12-12T00:00:00+00:00,SOLUSD,70.24,72.44,65.75,68.54,3105047.56,215905905.74
2023-12-13T00:00:00+00:00,SOLUSD,68.54,73.26,63.76,70.63,3170616.88,216654897.34
2023-12-14T00:00:00+00:00,SOLUSD,70.63,76.23,68.45,75.68,3034526.84,219979414.24
2023-12-15T00:00:00+00:00,SOLUSD,75.68,79.44,72.09,72.52,3412317.82,258890929.58
2023-12-16T00:00:00+00:00,SOLUSD,72.52,77.17,71.18,73.67,2435607.52,180819746.35
2023-12-17T00:00:00+00:00,SOLUSD,73.67,74.9,70.42,70.77,2008361.11,146257335.89
2023-12-18T00:00:00+00:00,SOLUSD,70.77,75.46,67.08,74.41,3100244.04,219825107.3
2023-12-19T00:00:00+00:00,SOLUSD,74.41,76.3,71.78,73.02,2419136.85,179576744.2
2023-12-20T00:00:00+00:00,SOLUSD,73.02,84.12,72.96,82.23,4832819.52,383777008.35
2023-12-21T00:00:00+00:00,SOLUSD,82.23,95.61,81.09,93.89,4945843.27,440410282.27
2023-12-22T00:00:00+00:00,SOLUSD,93.89,99.54,90.34,98.01,5020448.85,480720090.97
2023-12-23T00:00:00+00:00,SOLUSD,98.01,110,92.93,107.95,3597164.57,362619938.06
2023-12-24T00:00:00+00:00,SOLUSD,107.95,118.04,107.41,112.54,5562390.38,628208432.61
2023-12-25T00:00:00+00:00,SOLUSD,112.54,125.95,108.04,120.95,4275805.98,503068530.81
2023-12-26T00:00:00+00:00,SOLUSD,120.95,121.32,102.17,112.48,5175768.18,579248989.42
2023-12-27T00:00:00+00:00,SOLUSD,112.48,115.32,104.83,106.93,3771780.65,413243902
2023-12-28T00:00:00+00:00,SOLUSD,106.93,109.66,97.11,101.85,4160920.18,425584617.17
2023-12-29T00:00:00+00:00,SOLUSD,101.85,109.92,99.56,106.19,3904141.42,413104821.04
2023-12-30T00:00:00+00:00,SOLUSD,106.19,107.42,100.74,101.9,1142643.64,118196065.17
2023-12-31T00:00:00+00:00,SOLUSD,101.9,105.14,99.44,101.73,1494163.59,153333876.77
2024-01-01T00:00:00+00:00,SOLUSD,101.73,110.25,101.48,110.02,1753352.59,185540221.33
2024-01-02T00:00:00+00:00,SOLUSD,110.02,117,106.05,106.76,3028143.75,336798402.45
2024-01-03T00:00:00+00:00,SOLUSD,106.76,109.96,84.21,98.59,4773846.78,473070625.93
2024-01-04T00:00:00+00:00,SOLUSD,98.59,108.13,96.77,105.02,2585745.87,265350577.19
2024-01-05T00:00:00+00:00,SOLUSD,105.02,105.48,95.4,100.01,2281511.48,227782153.75
2024-01-06T00:00:00+00:00,SOLUSD,100.01,100.31,91.66,93.83,1636157.59,155614848.08
2024-01-07T00:00:00+00:00,SOLUSD,93.83,96.81,87.87,89.49,2094142.32,194515458.54
2024-01-08T00:00:00+00:00,SOLUSD,89.49,99.98,85.49,98.01,4173838.33,387659355.78
2024-01-09T00:00:00+00:00,SOLUSD,98.01,104.15,95.45,99.45,3129752.84,312351025.26
2024-01-10T00:00:00+00:00,SOLUSD,99.45,105.6,92.23,102.01,3474342.48,339477432.84
2024-01-11T00:00:00+00:00,SOLUSD,102.01,107.19,97.55,99.9,3594533.54,365424742.88
2024-01-12T00:00:00+00:00,SOLUSD,99.9,100.47,86.94,92.06,2731880.98,260070066.81
2024-01-13T00:00:00+00:00,SOLUSD,92.06,97.29,89.53,95.84,1888782.34,176768882.52
2024-01-14T00:00:00+00:00,SOLUSD,95.84,104.4,93.68,93.8,2987574.61,292699629.29
2024-01-15T00:00:00+00:00,SOLUSD,93.8,96.89,93.01,94.32,1536863.86,146162213.98
2024-01-16T00:00:00+00:00,SOLUSD,94.32,98.69,94.1,97.59,1246224.56,120612864.67
2024-01-17T00:00:00+00:00,SOLUSD,97.59,102.7,96.72,102.07,2974026,298186323.38
2024-01-18T00:00:00+00:00,SOLUSD,102.07,103.45,91.48,94.31,2507855.75,243385487.07
2024-01-19T00:00:00+00:00,SOLUSD,94.31,95.34,87.02,93.59,2574171.47,236970884.44
2024-01-20T00:00:00+00:00,SOLUSD,93.59,94.13,90.17,92.75,907320.39,83748239.1
2024-01-21T00:00:00+00:00,SOLUSD,92.75,93.85,90.74,91,707411.46,65332591.64
2024-01-22T00:00:00+00:00,SOLUSD,91,91.83,82.01,83.74,2534638.92,219210749.54
2024-01-23T00:00:00+00:00,SOLUSD,83.74,85.87,78.91,84.29,2763767.53,225799604.31
2024-01-24T00:00:00+00:00,SOLUSD,84.29,89.37,83.29,88.74,2063990.75,178313499.48
2024-01-25T00:00:00+00:00,SOLUSD,88.74,89.54,85.07,86.86,1575341.86,137852670.3
2024-01-26T00:00:00+00:00,SOLUSD,86.86,93.68,85.91,92.23,1916390.82,174425970.74
2024-01-27T00:00:00+00:00,SOLUSD,92.23,94.62,90.69,94.26,1151145.31,106729187.42
2024-01-28T00:00:00+00:00,SOLUSD,94.26,99.42,93.48,95.97,1942018.87,186982453.62
2024-01-29T00:00:00+00:00,SOLUSD,95.97,101.95,95.07,101.67,2399982.82,238040517.8
2024-01-30T00:00:00+00:00,SOLUSD,101.67,106.39,100.99,101.4,2865235.34,297805475.9
2024-01-31T00:00:00+00:00,SOLUSD,101.4,102.72,95.89,96.89,3299222.52,328718164.93
2024-02-01T00:00:00+00:00,SOLUSD,96.89,98.84,93.02,97.78,2899480.93,276962628.41
2024-02-02T00:00:00+00:00,SOLUSD,97.78,102.47,97.4,100.51,2381171.63,237623484.03
2024-02-03T00:00:00+00:00,SOLUSD,100.51,101.15,96.62,97.9,1251226.24,123482853.55
2024-02-04T00:00:00+00:00,SOLUSD,97.9,98.51,95.08,95.42,916263.67,88845759.37
2024-02-05T00:00:00+00:00,SOLUSD,95.42,98.57,94.14,95.5,1360129.72,130720524.4
2024-02-06T00:00:00+00:00,SOLUSD,95.5,97.87,93.1,96.85,1832377.68,175268770.87
2024-02-07T00:00:00+00:00,SOLUSD,96.85,101.5,94.6,101.11,1675225.09,163367999.65
2024-02-08T00:00:00+00:00,SOLUSD,101.11,105.13,100.54,102.79,2961750.19,304200342.32
2024-02-09T00:00:00+00:00,SOLUSD,102.79,109.13,102.79,106.96,2689589.25,284133095.94
2024-02-10T00:00:00+00:00,SOLUSD,106.96,110.97,106.94,109.07,1753730.3,191350917.01
2024-02-11T00:00:00+00:00,SOLUSD,109.07,110.68,107.33,107.48,1135456.26,123656050.35
2024-02-12T00:00:00+00:00,SOLUSD,107.48,112.24,103.46,111.73,2235550.7,242583696.4
2024-02-13T00:00:00+00:00,SOLUSD,111.73,115.1,108.36,112.57,2138076.66,240524754.18
2024-02-14T00:00:00+00:00,SOLUSD,112.57,118.71,110.7,117.11,1901125.78,219814138.14
2024-02-15T00:00:00+00:00,SOLUSD,117.11,118.44,111.61,113.61,1958978,225648861.95
2024-02-16T00:00:00+00:00,SOLUSD,113.61,114.28,108.03,110.4,1408956.63,156412743.41
2024-02-17T00:00:00+00:00,SOLUSD,110.4,111.13,105.68,108.96,822029.62,89174506.03
2024-02-18T00:00:00+00:00,SOLUSD,108.96,114.05,107.57,112.24,960396.13,107084480.34
2024-02-19T00:00:00+00:00,SOLUSD,112.24,114.86,110.83,111.55,1284460.86,144565964.11
2024-02-20T00:00:00+00:00,SOLUSD,111.55,112.1,103.88,108.35,2014368.68,217470943.74
2024-02-21T00:00:00+00:00,SOLUSD,108.35,108.38,100.22,105.06,1858687.39,192848425.31
2024-02-22T00:00:00+00:00,SOLUSD,105.06,107.07,101.48,101.69,1537293.27,160312191.72
2024-02-23T00:00:00+00:00,SOLUSD,101.69,103.05,98.71,99.89,1093369.63,110488508.04
2024-02-24T00:00:00+00:00,SOLUSD,99.89,104.74,98.5,104.04,864089.21,88103065.8
2024-02-25T00:00:00+00:00,SOLUSD,104.04,104.38,102.08,103.47,612514.78,63235359.07
2024-02-26T00:00:00+00:00,SOLUSD,103.47,110.82,100.32,109.97,2201116.73,234405451.59
2024-02-27T00:00:00+00:00,SOLUSD,109.97,112.48,105.4,108.42,2166597.78,237619397.53
2024-02-28T00:00:00+00:00,SOLUSD,108.42,118.98,107.38,118.98,4063477.99,459270090.34
2024-02-29T00:00:00+00:00,SOLUSD,118.98,134.67,117.35,125.7,5232885.6,665347674.19
2024-03-01T00:00:00+00:00,SOLUSD,125.7,137.78,125.69,129.52,3056433.36,405596832
2024-03-02T00:00:00+00:00,SOLUSD,129.52,131.68,127.44,130.15,1729633.33,223568738.39
2024-03-03T00:00:00+00:00,SOLUSD,130.15,132.19,124.87,130.25,1631666.87,210788622.11
2024-03-04T00:00:00+00:00,SOLUSD,130.25,134.99,127.68,133.36,2761772.61,361205369.22
2024-03-05T00:00:00+00:00,SOLUSD,133.36,142.73,109.61,125.58,5819194.17,756083326.32
2024-03-06T00:00:00+00:00,SOLUSD,125.58,134.92,120.3,130.89,2960573.63,381104039.91
2024-03-07T00:00:00+00:00,SOLUSD,130.89,149.62,130.71,144.07,4344593.82,619872518.48
2024-03-08T00:00:00+00:00,SOLUSD,144.07,152.94,142.01,145.11,2858030.19,419104630.15
2024-03-09T00:00:00+00:00,SOLUSD,145.11,149.44,144.02,144.58,1037218.87,151869088.32
2024-03-10T00:00:00+00:00,SOLUSD,144.58,148.71,140.67,144.56,1396613.74,202638116.85
2024-03-11T00:00:00+00:00,SOLUSD,144.56,150.14,137.06,148.87,2595829.07,379112837.22
2024-03-12T00:00:00+00:00,SOLUSD,148.87,154.99,141.84,151.05,3186761.63,476778765.92
2024-03-13T00:00:00+00:00,SOLUSD,151.05,166.88,148.82,163.93,2784396.44,438432386.35
2024-03-14T00:00:00+00:00,SOLUSD,163.93,178.29,159.2,176.64,3815862.32,642377349.09
2024-03-15T00:00:00+00:00,SOLUSD,176.64,188.85,164.95,183.84,5992284.32,1068149417.11
2024-03-16T00:00:00+00:00,SOLUSD,183.84,197.8,176.91,181.95,4152263.36,776064550.46
2024-03-17T00:00:00+00:00,SOLUSD,181.95,204.17,178.58,201.69,3190995.11,611428210.5
2024-03-18T00:00:00+00:00,SOLUSD,201.69,209.86,193.87,195.91,3655288.14,738658423.4
2024-03-19T00:00:00+00:00,SOLUSD,195.91,198.63,165.62,169.91,5486398.45,988024751.1
2024-03-20T00:00:00+00:00,SOLUSD,169.91,193.24,162.49,191.92,4067827.52,717577531.6
2024-03-21T00:00:00+00:00,SOLUSD,191.92,195.72,175.88,179.44,2530828.31,472190949.04
2024-03-22T00:00:00+00:00,SOLUSD,179.44,181.81,167.64,175.17,1892655.19,328015603.27
2024-03-23T00:00:00+00:00,SOLUSD,175.17,178.93,170.28,172.72,1348782.66,236161266.4
2024-03-24T00:00:00+00:00,SOLUSD,172.72,186.75,171.44,183.79,1516114.9,270312536.09
2024-03-25T00:00:00+00:00,SOLUSD,183.79,194.53,181.02,189.01,2348938.53,444048366.86
2024-03-26T00:00:00+00:00,SOLUSD,189.01,196.81,186.31,190.47,1793107.63,343629444.01
2024-03-27T00:00:00+00:00,SOLUSD,190.47,192.63,180.1,186.23,2075050.92,386127087.76
2024-03-28T00:00:00+00:00,SOLUSD,186.23,190.93,180.77,189.67,1565753.27,291160759.22
2024-03-29T00:00:00+00:00,SOLUSD,189.67,193.04,183.31,192.19,1480147.05,277302542.62
2024-03-30T00:00:00+00:00,SOLUSD,192.19,199.96,190.97,194.28,1358815.59,266404556.59
2024-03-31T00:00:00+00:00,SOLUSD,194.28,203.1,193.84,202.43,1217337.57,240974694.62
2024-04-01T00:00:00+00:00,SOLUSD,202.43,204.24,187.09,192.35,1936685.59,376518362.86
2024-04-02T00:00:00+00:00,SOLUSD,192.35,192.37,175.94,181.52,2429746.49,443999027.53
2024-04-03T00:00:00+00:00,SOLUSD,181.52,191.96,177.05,185.14,1509273.86,282324677
2024-04-04T00:00:00+00:00,SOLUSD,185.14,190.17,180.32,184.09,1393893.78,258314841.26
2024-04-05T00:00:00+00:00,SOLUSD,184.09,185.17,168.07,174.46,2150780.64,376609057.73
2024-04-06T00:00:00+00:00,SOLUSD,174.46,179.78,173.65,178.74,982039.9,173682508.16
2024-04-07T00:00:00+00:00,SOLUSD,178.74,182.66,176.92,179.52,1043669.45,187985440.86
2024-04-08T00:00:00+00:00,SOLUSD,179.52,184.59,175.38,180.69,1700654.25,307007266.04
2024-04-09T00:00:00+00:00,SOLUSD,180.69,180.87,168.99,172.32,1489940.97,260675726.56
2024-04-10T00:00:00+00:00,SOLUSD,172.32,175.48,162.41,173.35,1767500.77,299280984.54
2024-04-11T00:00:00+00:00,SOLUSD,173.35,176.27,170.11,172.43,1084052.19,187905664.5
2024-04-12T00:00:00+00:00,SOLUSD,172.43,175.93,143.03,153.29,2793661.28,442076377.19
2024-04-13T00:00:00+00:00,SOLUSD,153.29,154.93,119.92,138.51,5183207.43,711604717.45
2024-04-14T00:00:00+00:00,SOLUSD,138.51,152.73,130.98,151.45,3060845.3,431491476.62
2024-04-15T00:00:00+00:00,SOLUSD,151.45,156.1,133.77,138.59,2606283.33,379031572.15
2024-04-16T00:00:00+00:00,SOLUSD,138.59,140.62,126.6,136.27,2511647.93,334403437.76
2024-04-17T00:00:00+00:00,SOLUSD,136.27,142.72,126.91,131.89,2474683,331011215.79
2024-04-18T00:00:00+00:00,SOLUSD,131.89,143.88,127.74,142.1,2328264.63,316388572.34
2024-04-19T00:00:00+00:00,SOLUSD,142.1,147.57,128.54,142.53,3269355.56,457184320.01
2024-04-20T00:00:00+00:00,SOLUSD,142.53,152.39,139.82,151.28,1221880.92,178632779.86
2024-04-21T00:00:00+00:00,SOLUSD,151.28,153.53,146.77,148.78,1033411.12,154865367.77
2024-04-22T00:00:00+00:00,SOLUSD,148.78,158.47,146.85,157.03,1565457.45,239332074.75
2024-04-23T00:00:00+00:00,SOLUSD,157.03,160,153.18,154.68,1446174.78,226705627.04
2024-04-24T00:00:00+00:00,SOLUSD,154.68,159.74,145.54,147.72,2002425.53,308556085.53
2024-04-25T00:00:00+00:00,SOLUSD,147.72,149.44,142.11,144.85,1651204.31,241156524.26
2024-04-26T00:00:00+00:00,SOLUSD,144.85,146.06,138.68,139.16,1020844.52,145874995
2024-04-27T00:00:00+00:00,SOLUSD,139.16,142.96,133.18,141.23,1034367.21,142754281.93
2024-04-28T00:00:00+00:00,SOLUSD,141.23,144.58,137.11,137.97,774685.91,109967903.38
2024-04-29T00:00:00+00:00,SOLUSD,137.97,138.89,133.42,137.74,1126367.32,152991280.52
2024-04-30T00:00:00+00:00,SOLUSD,137.74,139.72,121.13,126.68,2242350.91,288052107.17
2024-05-01T00:00:00+00:00,SOLUSD,126.68,135.81,118.58,134.49,2509638.42,317240351.76
2024-05-02T00:00:00+00:00,SOLUSD,134.49,140.69,128.18,137.62,1806862.74,245258470.79
2024-05-03T00:00:00+00:00,SOLUSD,137.62,145.02,134.03,143.73,1771387.91,249382114.25
2024-05-04T00:00:00+00:00,SOLUSD,143.73,149.07,142.36,146.05,823296.62,120149125.71
2024-05-05T00:00:00+00:00,SOLUSD,146.05,147.98,143.15,145.73,741723.68,108074079.53
2024-05-06T00:00:00+00:00,SOLUSD,145.73,156.84,145.48,152.82,1613718.71,245743030.29
2024-05-07T00:00:00+00:00,SOLUSD,152.82,159.2,148,148.03,1383916.77,213156591.29
2024-05-08T00:00:00+00:00,SOLUSD,148.03,149.89,139.98,142.15,1370735.76,199513889.17
2024-05-09T00:00:00+00:00,SOLUSD,142.15,153.29,140.59,152.57,1297903.53,190110750.45
2024-05-10T00:00:00+00:00,SOLUSD,152.57,155.68,144.6,146.03,1716642.31,256304682.24
2024-05-11T00:00:00+00:00,SOLUSD,146.03,147.61,143.11,145.37,857719.99,124606367.13
2024-05-12T00:00:00+00:00,SOLUSD,145.37,147.64,142.61,143.39,626949.61,90898975.25
2024-05-13T00:00:00+00:00,SOLUSD,143.39,150.7,137.88,147.47,1601373.72,232652330.71
2024-05-14T00:00:00+00:00,SOLUSD,147.47,150.35,141.79,141.97,1115060.66,162208938.64
2024-05-15T00:00:00+00:00,SOLUSD,141.97,158.82,141.25,158.57,1980437.1,299427734.34
2024-05-16T00:00:00+00:00,SOLUSD,158.57,164.72,156.7,159.34,1750109.58,281065543.63
2024-05-17T00:00:00+00:00,SOLUSD,159.34,172.05,159.34,169.5,1555327.37,259532219.44
2024-05-18T00:00:00+00:00,SOLUSD,169.5,175.96,168.73,172.47,920162.26,159001780
2024-05-19T00:00:00+00:00,SOLUSD,172.47,175.37,166.2,169.94,762244.06,130138876.56
2024-05-20T00:00:00+00:00,SOLUSD,169.94,188.29,167.76,186.75,1832806.48,331071378.03
2024-05-21T00:00:00+00:00,SOLUSD,186.75,188.83,174.32,178.15,1848219.23,332730791.56
2024-05-22T00:00:00+00:00,SOLUSD,178.15,183.39,175.03,176.86,1696007.5,304221794.85
2024-05-23T00:00:00+00:00,SOLUSD,176.86,180.9,165.8,176.09,2332480.33,406474519.47
2024-05-24T00:00:00+00:00,SOLUSD,176.09,176.09,162.5,167.7,1620585.84,272007690.18
2024-05-25T00:00:00+00:00,SOLUSD,167.7,170.46,165.96,168.33,676355.6,113562913.83
2024-05-26T00:00:00+00:00,SOLUSD,168.33,168.36,160.63,163.26,1519908.61,249394024.36
2024-05-27T00:00:00+00:00,SOLUSD,163.26,172.09,163.23,170.01,872094.57,146450327.09
2024-05-28T00:00:00+00:00,SOLUSD,170.01,173.07,164.8,168.53,1005203.81,169446311.48
2024-05-29T00:00:00+00:00,SOLUSD,168.53,173.75,167.07,168.11,1256094.22,212829822.96
2024-05-30T00:00:00+00:00,SOLUSD,168.11,172.51,163.52,166.86,1255495.65,211144284.39
2024-05-31T00:00:00+00:00,SOLUSD,166.86,170.84,163.8,165.52,1055671.13,175711518.79
2024-06-01T00:00:00+00:00,SOLUSD,165.52,167.79,165.5,165.99,366238.04,61117692.49
2024-06-02T00:00:00+00:00,SOLUSD,165.99,166.95,161.31,163.04,702823.99,115408279.8
2024-06-03T00:00:00+00:00,SOLUSD,163.04,167.14,161.54,164.89,1037787.02,171307507.3
2024-06-04T00:00:00+00:00,SOLUSD,164.89,171.87,164.37,171.81,927988.54,155617907.71
2024-06-05T00:00:00+00:00,SOLUSD,171.81,175.57,171.12,173.57,1051601.86,182343729.01
2024-06-06T00:00:00+00:00,SOLUSD,173.57,174.51,167.64,170.07,865751.05,148733043.79
2024-06-07T00:00:00+00:00,SOLUSD,170.07,172.64,153.73,162.48,1532446.36,252069522.56
2024-06-08T00:00:00+00:00,SOLUSD,162.48,163.73,157.36,157.79,602441.74,96680171.05
2024-06-09T00:00:00+00:00,SOLUSD,157.79,162.97,156.55,162.1,417124.57,66832383.3
2024-06-10T00:00:00+00:00,SOLUSD,162.1,163.19,157.46,158.98,576995.75,92352553.79
2024-06-11T00:00:00+00:00,SOLUSD,158.98,159.63,145.04,149.36,1809030.57,272469500.4
2024-06-12T00:00:00+00:00,SOLUSD,149.36,161.8,145.51,155.17,1434670.41,222556630.23
2024-06-13T00:00:00+00:00,SOLUSD,155.17,155.17,146,147.24,1056130.41,158045757.4
2024-06-14T00:00:00+00:00,SOLUSD,147.24,148.9,139.62,143.01,1454718.75,209841119.36
2024-06-15T00:00:00+00:00,SOLUSD,143.01,145.63,142.88,145.45,394805.22,57014807.71
2024-06-16T00:00:00+00:00,SOLUSD,145.45,151.21,143.01,151.2,507453.59,74700321.41
2024-06-17T00:00:00+00:00,SOLUSD,151.2,151.65,139.84,143.23,1026864.9,148707329.69
2024-06-18T00:00:00+00:00,SOLUSD,143.23,143.71,128.22,137.37,2499013.66,338174521.16
2024-06-19T00:00:00+00:00,SOLUSD,137.37,141.86,134.48,135.62,1076874.68,148593887.27
2024-06-20T00:00:00+00:00,SOLUSD,135.62,141.26,131.84,133.48,1439640.8,194530766.65
2024-06-21T00:00:00+00:00,SOLUSD,133.48,135.3,128.65,134.55,1529054.56,201668544.58
2024-06-22T00:00:00+00:00,SOLUSD,134.55,136.64,132.95,133.66,412998.18,55544922.57
2024-06-23T00:00:00+00:00,SOLUSD,133.66,135.04,128.1,128.59,649901.97,85441259.53
2024-06-24T00:00:00+00:00,SOLUSD,128.59,132.54,122.23,132.26,2787124.17,354741829.17
2024-06-25T00:00:00+00:00,SOLUSD,132.26,139.87,131.16,136.54,1867930.93,254921986.27
2024-06-26T00:00:00+00:00,SOLUSD,136.54,140.35,134.73,136.71,931544.42,127825135.72
2024-06-27T00:00:00+00:00,SOLUSD,136.71,151.07,135.11,149.49,1566974.43,228909193.82
2024-06-28T00:00:00+00:00,SOLUSD,149.49,150.54,138.75,139.73,1588510.88,227603507.39
2024-06-29T00:00:00+00:00,SOLUSD,139.73,142.94,139.49,139.97,975415.72,137868176.74
2024-06-30T00:00:00+00:00,SOLUSD,139.97,147.38,136.94,146.4,1012727.42,143572052.93
2024-07-01T00:00:00+00:00,SOLUSD,146.4,149.06,145.69,146.52,1250396.3,184275184.33
2024-07-02T00:00:00+00:00,SOLUSD,146.52,154.78,146.01,153.79,1090729.48,164025879.58
2024-07-03T00:00:00+00:00,SOLUSD,153.79,154.22,139.02,140.69,1978500.21,284424436.33
2024-07-04T00:00:00+00:00,SOLUSD,140.69,142.6,127.19,127.81,1911620.7,256639983.21
2024-07-05T00:00:00+00:00,SOLUSD,127.81,136.35,121.19,134.33,2600896.01,334802804.27
2024-07-06T00:00:00+00:00,SOLUSD,134.33,144.2,132.4,143.07,1011886.77,141137094.54
2024-07-07T00:00:00+00:00,SOLUSD,143.07,143.34,131.2,131.59,1100386.76,151710675.69
2024-07-08T00:00:00+00:00,SOLUSD,131.59,141.86,127.87,139.78,1764410.06,241027397.66
2024-07-09T00:00:00+00:00,SOLUSD,139.78,144.22,136.47,141.42,1109717.02,156707010.52
2024-07-10T00:00:00+00:00,SOLUSD,141.42,146.26,138.61,142.01,935921.33,133285498.95
2024-07-11T00:00:00+00:00,SOLUSD,142.01,145.93,135.7,135.71,1274719.19,178725686.61
2024-07-12T00:00:00+00:00,SOLUSD,135.71,140.64,133.99,139.55,1116717.5,153532246.92
2024-07-13T00:00:00+00:00,SOLUSD,139.55,143.58,138.04,141.95,589537.44,82878892.68
2024-07-14T00:00:00+00:00,SOLUSD,141.95,148.58,141.94,147.72,965298.37,140282144.09
2024-07-15T00:00:00+00:00,SOLUSD,147.72,160.06,147.11,159.54,1515441.83,233055742.7
2024-07-16T00:00:00+00:00,SOLUSD,159.54,162.61,152.66,160.65,1575760.66,249736657.37
2024-07-17T00:00:00+00:00,SOLUSD,160.65,163.8,154.61,155.5,1276102.91,203878632.85
2024-07-18T00:00:00+00:00,SOLUSD,155.5,161.61,155.2,159.2,849519,134334567.49
2024-07-19T00:00:00+00:00,SOLUSD,159.2,172.37,156.21,169.2,1943663.78,321647568.82
2024-07-20T00:00:00+00:00,SOLUSD,169.2,175.03,167.34,173.68,895305.94,153433228.71
2024-07-21T00:00:00+00:00,SOLUSD,173.68,185.03,170.56,184.5,1323988.99,234893032.08
2024-07-22T00:00:00+00:00,SOLUSD,184.5,184.92,176.81,178.98,1057469.43,190806050.56
2024-07-23T00:00:00+00:00,SOLUSD,178.98,180.59,170.49,172.93,1242711.45,217693326.61
2024-07-24T00:00:00+00:00,SOLUSD,172.93,182.49,171,178.03,1427355.02,254105859.36
2024-07-25T00:00:00+00:00,SOLUSD,178.03,179.58,165.37,171.83,1895710.28,322786259.75
2024-07-26T00:00:00+00:00,SOLUSD,171.83,183.62,171.75,183.08,1380729.85,247678633.97
2024-07-27T00:00:00+00:00,SOLUSD,183.08,188.28,178.16,183.77,1472782.14,270685515.6
2024-07-28T00:00:00+00:00,SOLUSD,183.77,186.62,181.19,184.91,693004.06,127699840.48
2024-07-29T00:00:00+00:00,SOLUSD,184.91,193.87,181.63,182.52,1910355.43,359846632.27
2024-07-30T00:00:00+00:00,SOLUSD,182.52,184.63,175.39,179.1,1443675.5,260642360.68
2024-07-31T00:00:00+00:00,SOLUSD,179.1,184.39,171.58,171.64,1765368.42,315934112.41
2024-08-01T00:00:00+00:00,SOLUSD,171.64,172.88,157.79,167.26,2701209.73,447547944.15
2024-08-02T00:00:00+00:00,SOLUSD,167.26,169.28,149.82,152.58,2582825.41,408628011.97
2024-08-03T00:00:00+00:00,SOLUSD,152.58,153.8,139.84,142.46,1926909.86,282575527.87
2024-08-04T00:00:00+00:00,SOLUSD,142.46,145.96,131.31,138.24,2633519.29,365528696.83
2024-08-05T00:00:00+00:00,SOLUSD,138.24,139.24,110.02,129.81,9973609.16,1239955820.57
2024-08-06T00:00:00+00:00,SOLUSD,129.81,149.54,129.44,144.51,3358246,476934576.62
2024-08-07T00:00:00+00:00,SOLUSD,144.51,155.05,142.36,144.71,3163232.4,471242466.32
2024-08-08T00:00:00+00:00,SOLUSD,144.71,163.66,141.45,163.18,3478204.64,542679699.28
2024-08-09T00:00:00+00:00,SOLUSD,163.18,163.56,150.84,156.32,2235297.07,348744317.8
2024-08-10T00:00:00+00:00,SOLUSD,156.32,158.77,152.67,154.05,779645.13,120843995.54
2024-08-11T00:00:00+00:00,SOLUSD,154.05,157.99,141.26,141.57,1397735.1,207002998.48
2024-08-12T00:00:00+00:00,SOLUSD,141.57,150.97,141.27,146.37,1799398.16,262670328.29
2024-08-13T00:00:00+00:00,SOLUSD,146.37,149.88,143.01,146.71,1077534.94,157819507.56
2024-08-14T00:00:00+00:00,SOLUSD,146.71,152.17,142.48,143.79,1552824.8,228499811.67
2024-08-15T00:00:00+00:00,SOLUSD,143.79,147.58,137.86,142.57,1965963,279981697.76
2024-08-16T00:00:00+00:00,SOLUSD,142.57,144.85,136.12,139.1,1431065.91,201124549.62
2024-08-17T00:00:00+00:00,SOLUSD,139.1,142,137.69,141.94,478414.97,67033030.03
2024-08-18T00:00:00+00:00,SOLUSD,141.94,147.07,140.65,142.45,1366331.33,197619205.05
2024-08-19T00:00:00+00:00,SOLUSD,142.45,146.2,140.46,144.34,885423.23,126729286.97
2024-08-20T00:00:00+00:00,SOLUSD,144.34,148.86,141.03,142.3,1218594.1,176772864.48
2024-08-21T00:00:00+00:00,SOLUSD,142.3,144.41,138.87,142.8,1231560.73,174844256.62
2024-08-22T00:00:00+00:00,SOLUSD,142.8,144.86,140.72,143.25,716055.37,102424812.96
2024-08-23T00:00:00+00:00,SOLUSD,143.25,154.1,142.81,153.36,1535431.53,226345684.97
2024-08-24T00:00:00+00:00,SOLUSD,153.36,162.32,152.08,160.72,1454794.5,230004907.28
2024-08-25T00:00:00+00:00,SOLUSD,160.72,161.98,155.33,158.99,797224.43,126594539.7
2024-08-26T00:00:00+00:00,SOLUSD,158.99,161.97,155.64,157.15,1062067.2,168319244.94
2024-08-27T00:00:00+00:00,SOLUSD,157.15,159.69,145.08,146.85,1465382.08,223366788.75
2024-08-28T00:00:00+00:00,SOLUSD,146.85,148.78,140.59,143.93,1537817.61,222519532.94
2024-08-29T00:00:00+00:00,SOLUSD,143.93,147.33,138.15,140.05,1125510.87,160585627.26
2024-08-30T00:00:00+00:00,SOLUSD,140.05,141.1,132.14,138,1376556.59,188099590.41
2024-08-31T00:00:00+00:00,SOLUSD,138,139.16,134.55,135.34,354474.97,48458249.41
2024-09-01T00:00:00+00:00,SOLUSD,135.34,136.08,127.83,128.53,1216975.6,160725077.12
2024-09-02T00:00:00+00:00,SOLUSD,128.53,135.37,127.02,134.96,1183346.55,154760699
2024-09-03T00:00:00+00:00,SOLUSD,134.96,137.39,127.09,127.52,1165428.32,154010530.11
2024-09-04T00:00:00+00:00,SOLUSD,127.52,134.95,122.73,133.61,1836824.01,238592444.94
2024-09-05T00:00:00+00:00,SOLUSD,133.61,135.41,127.93,129.39,1035997.45,136227952.03
2024-09-06T00:00:00+00:00,SOLUSD,129.39,134.34,120.62,125.02,2510204.74,320272802.89
2024-09-07T00:00:00+00:00,SOLUSD,125.02,129.46,124.15,127.7,582582.28,73950235.3
2024-09-08T00:00:00+00:00,SOLUSD,127.7,131.64,126.64,130.1,643881.63,83131839.12
2024-09-09T00:00:00+00:00,SOLUSD,130.1,137.05,127,135.08,1365701.25,179705795.66
2024-09-10T00:00:00+00:00,SOLUSD,135.08,137.95,132.57,135.63,930112.07,125564893.65
2024-09-11T00:00:00+00:00,SOLUSD,135.63,135.9,128.22,132.43,1119510.64,147740432.08
2024-09-12T00:00:00+00:00,SOLUSD,132.43,136.72,132.4,136.07,1052971.05,142195347.09
2024-09-13T00:00:00+00:00,SOLUSD,136.07,139.89,131.76,139.14,1167109.23,158958923.58
2024-09-14T00:00:00+00:00,SOLUSD,139.14,139.87,135.7,137.17,488283.32,67255306.1
2024-09-15T00:00:00+00:00,SOLUSD,137.17,137.96,130.53,131.42,783125.79,105214476.35
2024-09-16T00:00:00+00:00,SOLUSD,131.42,132.33,128.91,131.45,872017.88,113992082.4
2024-09-17T00:00:00+00:00,SOLUSD,131.45,135.52,130.34,131.56,1013680.8,134587677.43
2024-09-18T00:00:00+00:00,SOLUSD,131.56,134.41,127.15,134.34,1292119.8,168296742.94
2024-09-19T00:00:00+00:00,SOLUSD,134.34,144,134.32,142.9,2203938.95,308673849.88
2024-09-20T00:00:00+00:00,SOLUSD,142.9,152.36,141.23,146.66,1733614.19,256217991.5
2024-09-21T00:00:00+00:00,SOLUSD,146.66,149.85,144.65,149.46,607193.7,89576614.93
2024-09-22T00:00:00+00:00,SOLUSD,149.46,149.9,141.18,144.68,851223.36,123385243.44
2024-09-23T00:00:00+00:00,SOLUSD,144.68,149.05,142.19,144.77,1228294.31,177696149.25
2024-09-24T00:00:00+00:00,SOLUSD,144.77,153.93,143.13,152.72,1714717.03,253238283.83
2024-09-25T00:00:00+00:00,SOLUSD,152.72,153.88,147.3,147.97,1140072.57,171904662.05
2024-09-26T00:00:00+00:00,SOLUSD,147.97,158.03,146.59,155.58,1590861.37,244885789.53
2024-09-27T00:00:00+00:00,SOLUSD,155.58,161.24,154.01,157.64,1503547.66,237392311.45
2024-09-28T00:00:00+00:00,SOLUSD,157.64,159.4,155.08,156.78,576303.31,90510933.89
2024-09-29T00:00:00+00:00,SOLUSD,156.78,161.73,155.12,158.52,910358.69,143730715.58
2024-09-30T00:00:00+00:00,SOLUSD,158.52,159.73,151.74,152.55,1073233.37,167046966.26
2024-10-01T00:00:00+00:00,SOLUSD,152.55,157.3,142.28,145.15,2305708.36,345586930.84
2024-10-02T00:00:00+00:00,SOLUSD,145.15,148.95,138.63,140.17,1833439.37,263566829.62
2024-10-03T00:00:00+00:00,SOLUSD,140.17,142.93,133.12,136.79,1887413.44,259179899.93
2024-10-04T00:00:00+00:00,SOLUSD,136.79,144.59,135.95,143.19,1530496.19,216047071.98
2024-10-05T00:00:00+00:00,SOLUSD,143.19,144.89,141.07,142.64,543351.89,77744269.2
2024-10-06T00:00:00+00:00,SOLUSD,142.64,146.71,142.05,146.48,605166.17,87638780.51
2024-10-07T00:00:00+00:00,SOLUSD,146.48,152.25,143.5,143.95,1608059.6,238177228.37
2024-10-08T00:00:00+00:00,SOLUSD,143.95,145.52,141.16,143.42,872446.23,125295962.54
2024-10-09T00:00:00+00:00,SOLUSD,143.42,145.24,138.58,139.22,1011569.79,143442032.83
2024-10-10T00:00:00+00:00,SOLUSD,139.22,140.72,135.39,138.93,996009.3,137551753.84
2024-10-11T00:00:00+00:00,SOLUSD,138.93,146.49,138.6,145.47,1145207.1,163903894.3
2024-10-12T00:00:00+00:00,SOLUSD,145.47,147.25,144.61,146.36,510042.34,74627224.89
2024-10-13T00:00:00+00:00,SOLUSD,146.36,148.76,144.47,147.68,538044.44,78792548.63
2024-10-14T00:00:00+00:00,SOLUSD,147.68,157.99,146.76,157.52,1406517.19,216200267.89
2024-10-15T00:00:00+00:00,SOLUSD,157.52,159.45,150.37,154.74,1589092.22,245832309.69
2024-10-16T00:00:00+00:00,SOLUSD,154.74,158.28,152.96,154.22,1152010.55,178597818.31
2024-10-17T00:00:00+00:00,SOLUSD,154.22,155.65,147.67,150.43,1024941.83,155179260.15
2024-10-18T00:00:00+00:00,SOLUSD,150.43,156.64,149.59,154.92,894597.91,137792754.77
2024-10-19T00:00:00+00:00,SOLUSD,154.92,159.74,153.67,159.68,538553.18,84208679.13
2024-10-20T00:00:00+00:00,SOLUSD,159.68,167.88,157.62,167.36,1032109.96,166995301.74
2024-10-21T00:00:00+00:00,SOLUSD,167.36,171.55,161.4,166.14,1742473.16,290496778.58
2024-10-22T00:00:00+00:00,SOLUSD,166.14,170.89,162.96,167.44,1390790.2,232581445.42
2024-10-23T00:00:00+00:00,SOLUSD,167.44,174,164.07,170.67,1506370.18,253471064.11
2024-10-24T00:00:00+00:00,SOLUSD,170.67,179.1,170.34,177.07,1534523.85,268651975.84
2024-10-25T00:00:00+00:00,SOLUSD,177.07,177.41,159.14,164.65,2028705.94,344809473.51
2024-10-26T00:00:00+00:00,SOLUSD,164.65,172.97,162.26,170.67,956621.85,160890339.67
2024-10-27T00:00:00+00:00,SOLUSD,170.67,178.01,170.09,176.47,883974.65,154753849.98
2024-10-28T00:00:00+00:00,SOLUSD,176.47,179.55,172.31,178.15,1486550.45,261626123.43
2024-10-29T00:00:00+00:00,SOLUSD,178.15,183.26,176.36,179.38,1851839.38,333516686.61
2024-10-30T00:00:00+00:00,SOLUSD,179.38,181.19,173.14,174.85,1082734.61,190763783.24
2024-10-31T00:00:00+00:00,SOLUSD,174.85,176.43,167.38,168.45,1216310.5,208731623.66
2024-11-01T00:00:00+00:00,SOLUSD,168.45,173.9,163.64,166.05,1179299.39,197679096.42
2024-11-02T00:00:00+00:00,SOLUSD,166.05,168.52,162.11,166.1,497928.77,82284516.56
2024-11-03T00:00:00+00:00,SOLUSD,166.1,166.51,157.92,162.44,950271.32,153397969.02
2024-11-04T00:00:00+00:00,SOLUSD,162.44,164.85,155.04,157.87,1017159.87,163321943.49
2024-11-05T00:00:00+00:00,SOLUSD,157.87,169.31,156.78,166.65,1325101.85,217920759.61
2024-11-06T00:00:00+00:00,SOLUSD,166.65,190.04,166.45,186.78,3755102.75,688038340.37
2024-11-07T00:00:00+00:00,SOLUSD,186.78,197.99,186.06,196.44,2006281.81,386747538.34
2024-11-08T00:00:00+00:00,SOLUSD,196.44,205.14,195.82,199.98,2038299.09,408170570.26
2024-11-09T00:00:00+00:00,SOLUSD,199.98,203.45,195.13,200.02,1426109.1,285007993.31
2024-11-10T00:00:00+00:00,SOLUSD,200.02,215.43,198.86,210.23,2836903.64,588571837.15
2024-11-11T00:00:00+00:00,SOLUSD,210.23,224.47,204.39,222.42,3002590.76,651116693.53
2024-11-12T00:00:00+00:00,SOLUSD,222.42,225.3,205.03,211.86,3207955.53,687618053.08
2024-11-13T00:00:00+00:00,SOLUSD,211.86,220.78,201.12,215.45,3280352.4,695358114.93
2024-11-14T00:00:00+00:00,SOLUSD,215.45,222.79,206.84,209.54,2390257.3,514053398.69
2024-11-15T00:00:00+00:00,SOLUSD,209.54,220.4,204.62,218.51,2089124.27,443402898.19
2024-11-16T00:00:00+00:00,SOLUSD,218.51,221.99,213.61,215.77,1522225.59,331681217.77
2024-11-17T00:00:00+00:00,SOLUSD,215.77,241.96,212.27,237.54,2733055.7,635702351.09
2024-11-18T00:00:00+00:00,SOLUSD,237.54,248.41,234.11,239.94,2824027.47,680971149.83
2024-11-19T00:00:00+00:00,SOLUSD,239.94,247.71,233.8,237.96,1916539.68,462771223.05
2024-11-20T00:00:00+00:00,SOLUSD,237.96,242.67,230.78,235.65,1809309.07,426617836.59
2024-11-21T00:00:00+00:00,SOLUSD,235.65,259.81,230.04,256.72,3197520.06,793245850.05
2024-11-22T00:00:00+00:00,SOLUSD,256.72,264.52,251.84,257.21,1930270.43,497034963.4
2024-11-23T00:00:00+00:00,SOLUSD,257.21,264.16,253.09,255.15,1540433.13,397600303.58
2024-11-24T00:00:00+00:00,SOLUSD,255.15,259.95,241.28,252.98,1318863.47,331064481.64
2024-11-25T00:00:00+00:00,SOLUSD,252.98,256.69,231.2,234.15,2246138.62,547356000.23
2024-11-26T00:00:00+00:00,SOLUSD,234.15,239.86,221.86,230.62,2017476.18,465157248.79
2024-11-27T00:00:00+00:00,SOLUSD,230.62,243.56,227.57,242.26,1535640.84,364043739.43
2024-11-28T00:00:00+00:00,SOLUSD,242.26,245.48,232.94,237.63,877224.57,208985240.69
2024-11-29T00:00:00+00:00,SOLUSD,237.63,246.89,236.66,243.46,1307891.16,316868423.69
2024-11-30T00:00:00+00:00,SOLUSD,243.46,245.4,237.64,237.75,856576.11,206542138.89
2024-12-01T00:00:00+00:00,SOLUSD,237.75,239.95,234.32,236.96,1042536.95,247065369.07
2024-12-02T00:00:00+00:00,SOLUSD,236.96,238.36,220.17,225.81,2782727.81,631780477.65
2024-12-03T00:00:00+00:00,SOLUSD,225.81,239.79,215.15,234.11,2498009.97,569372675.86
2024-12-04T00:00:00+00:00,SOLUSD,234.11,240.95,224.79,229.48,2424018.49,564765211.47
2024-12-05T00:00:00+00:00,SOLUSD,229.48,244.95,223.26,236.17,3120708.13,736104487.64
2024-12-06T00:00:00+00:00,SOLUSD,236.17,247.06,231.17,237.18,1779255.05,425038287.56
2024-12-07T00:00:00+00:00,SOLUSD,237.18,243.7,234.41,238.34,1155071.17,276310183.73
2024-12-08T00:00:00+00:00,SOLUSD,238.34,241.65,233.36,237.2,723712.35,171567432.86
2024-12-09T00:00:00+00:00,SOLUSD,237.2,237.42,205.36,216.81,2284778.33,509504278.85
2024-12-10T00:00:00+00:00,SOLUSD,216.81,221.02,203.3,213.75,2836727.29,602479362.87
2024-12-11T00:00:00+00:00,SOLUSD,213.75,230.82,211.64,227.42,1782926.44,399771792
2024-12-12T00:00:00+00:00,SOLUSD,227.42,234.75,225.7,227.01,1500850.29,345582057.59
2024-12-13T00:00:00+00:00,SOLUSD,227.01,228.42,220.66,224.84,1442244.42,323236855.77
2024-12-14T00:00:00+00:00,SOLUSD,224.84,227.46,215.17,219.87,811129.79,179846829.41
2024-12-15T00:00:00+00:00,SOLUSD,219.87,225.4,215.71,224.23,956285.71,210267560.13
2024-12-16T00:00:00+00:00,SOLUSD,224.23,227.34,213.17,216.25,1594064.59,349510564.95
2024-12-17T00:00:00+00:00,SOLUSD,216.25,228.96,211.54,223.18,1890978.34,420615300.39
2024-12-18T00:00:00+00:00,SOLUSD,223.18,225.98,204.83,206.45,1781299.8,379806262.13
2024-12-19T00:00:00+00:00,SOLUSD,206.45,212.02,186.91,193.67,2773265.88,553339266.73
2024-12-20T00:00:00+00:00,SOLUSD,193.67,199.48,175.06,194.46,3246297.05,608233604.96
2024-12-21T00:00:00+00:00,SOLUSD,194.46,202.02,178.4,181.28,1833778.14,343907146.02
2024-12-22T00:00:00+00:00,SOLUSD,181.28,187.71,176.77,180.34,1207132.49,219479512.59
2024-12-23T00:00:00+00:00,SOLUSD,180.34,193.21,176.38,189.91,1701262.34,314150116.3
2024-12-24T00:00:00+00:00,SOLUSD,189.91,198.87,185.89,196.96,1045287.96,202570719.69
2024-12-25T00:00:00+00:00,SOLUSD,196.96,201.69,195,197.33,773113.62,153276719.71
2024-12-26T00:00:00+00:00,SOLUSD,197.33,199.58,186.46,188.24,993540.32,190117501.71
2024-12-27T00:00:00+00:00,SOLUSD,188.24,194.11,182.54,183.94,1016173.82,190508827.48
2024-12-28T00:00:00+00:00,SOLUSD,183.94,195.68,183.57,195.15,874104.04,165940093.85
2024-12-29T00:00:00+00:00,SOLUSD,195.15,197.35,188.23,189.61,831301.93,160713470.14
2024-12-30T00:00:00+00:00,SOLUSD,189.61,196.19,185.57,191.04,1302813.27,249169367.35
2024-12-31T00:00:00+00:00,SOLUSD,191.04,198.84,187.74,188.87,1348053.83,261197641.36
2025-01-01T00:00:00+00:00,SOLUSD,188.87,194.92,187.62,193.85,1016955.09,194195323.3
2025-01-02T00:00:00+00:00,SOLUSD,193.85,210.14,193.09,208.06,1525806.96,311729217.93
2025-01-03T00:00:00+00:00,SOLUSD,208.06,219.65,205.5,217.89,1200498.66,256642499.36
2025-01-04T00:00:00+00:00,SOLUSD,217.89,217.98,213.57,216.65,613079.14,132497052.94
2025-01-05T00:00:00+00:00,SOLUSD,216.65,218.96,211.48,213.36,639982.71,137274205.35
2025-01-06T00:00:00+00:00,SOLUSD,213.36,223.16,211.52,218.36,1042710.65,227265508.37
2025-01-07T00:00:00+00:00,SOLUSD,218.36,219.19,201.78,202.14,1349107.43,282781935.18
2025-01-08T00:00:00+00:00,SOLUSD,202.14,203.2,188.34,197.45,1883435.43,369380837.51
2025-01-09T00:00:00+00:00,SOLUSD,197.45,198.98,182.07,184.99,1519833.62,287508711.18
2025-01-10T00:00:00+00:00,SOLUSD,184.99,192.97,183.51,187.62,1408765.48,265373073.82
2025-01-11T00:00:00+00:00,SOLUSD,187.62,191.77,184.06,188.02,982856.44,183892397.04
2025-01-12T00:00:00+00:00,SOLUSD,188.02,190.89,185.09,188.42,603835.06,113338651.42
2025-01-13T00:00:00+00:00,SOLUSD,188.42,191.8,169.14,182.75,2141571.81,384240733.62
2025-01-14T00:00:00+00:00,SOLUSD,182.75,190,181.8,187.5,1143113.81,213078481.55
2025-01-15T00:00:00+00:00,SOLUSD,187.5,206.04,185.8,205.9,1998560.73,392782235.21
2025-01-16T00:00:00+00:00,SOLUSD,205.9,217.04,198.45,211.09,2232606.19,467673563.29
2025-01-17T00:00:00+00:00,SOLUSD,211.09,221.99,209.84,219.57,2146534.27,466004419.11
2025-01-18T00:00:00+00:00,SOLUSD,219.57,270,217.35,261.87,8292300.18,2017727214.39
2025-01-19T00:00:00+00:00,SOLUSD,261.87,294.95,237.61,252.19,9622612.85,2576611227.87
2025-01-20T00:00:00+00:00,SOLUSD,252.19,273.1,229.39,241.72,6506910.44,1622007685.06
2025-01-21T00:00:00+00:00,SOLUSD,241.72,260.11,230.12,250.36,3491675.33,849711327
2025-01-22T00:00:00+00:00,SOLUSD,250.36,271.91,248.46,257.31,3395489.03,881000243.68
2025-01-23T00:00:00+00:00,SOLUSD,257.31,258.4,242.12,253.13,3343001.53,835751567.95
2025-01-24T00:00:00+00:00,SOLUSD,253.13,269.94,247.29,253.37,2505714.52,652498015.44
2025-01-25T00:00:00+00:00,SOLUSD,253.37,260.73,246.3,256.33,1629826.84,412108430.63
2025-01-26T00:00:00+00:00,SOLUSD,256.33,259.92,240.2,240.45,1472880.46,372580185.47
2025-01-27T00:00:00+00:00,SOLUSD,240.45,242.53,220.98,234.9,4043114.41,935397750.08
2025-01-28T00:00:00+00:00,SOLUSD,234.9,243.92,224.96,226.94,2276197.94,533121472.04
2025-01-29T00:00:00+00:00,SOLUSD,226.94,238.37,222.6,228.13,2222749.52,512630067.26
2025-01-30T00:00:00+00:00,SOLUSD,228.13,244.68,226.84,238.36,1892315.55,452845994.87
2025-01-31T00:00:00+00:00,SOLUSD,238.36,241.79,228.13,231.71,1564750.09,368392788.3
2025-02-01T00:00:00+00:00,SOLUSD,231.71,234.1,212.73,212.95,1408679.14,314821254.21
2025-02-02T00:00:00+00:00,SOLUSD,212.95,218.78,192.66,203.43,3629906.27,749481368.6
2025-02-03T00:00:00+00:00,SOLUSD,203.43,218.88,176.11,216.48,5433969.93,1085451522.8
2025-02-04T00:00:00+00:00,SOLUSD,216.48,220.11,202.13,206.7,2928820.68,616487093.29
2025-02-05T00:00:00+00:00,SOLUSD,206.7,209.45,195.16,196.11,1665272.86,336754152.99
2025-02-06T00:00:00+00:00,SOLUSD,196.11,203.98,187.58,189.57,1968402.63,382843591.01
2025-02-07T00:00:00+00:00,SOLUSD,189.57,203.58,188.17,192.09,1847843.33,361144540.68
2025-02-08T00:00:00+00:00,SOLUSD,192.09,200.99,189.82,199.49,1223405.24,238707343.81
2025-02-09T00:00:00+00:00,SOLUSD,199.49,207.5,193.64,200.52,2011369.58,405156533.8
2025-02-10T00:00:00+00:00,SOLUSD,200.52,209.13,195.98,200.53,1379583.13,279926505.31
2025-02-11T00:00:00+00:00,SOLUSD,200.53,206.2,195.09,197.95,1324085.8,265134980.47
2025-02-12T00:00:00+00:00,SOLUSD,197.95,198.5,188.55,196.79,1814551.81,352632945.82
2025-02-13T00:00:00+00:00,SOLUSD,196.79,198.47,188.98,194.3,1278025.56,247331359.53
2025-02-14T00:00:00+00:00,SOLUSD,194.3,205.34,194.19,199.46,1747579.42,348662901.65
2025-02-15T00:00:00+00:00,SOLUSD,199.46,200.31,192.68,194.52,805197.87,157580758.54
2025-02-16T00:00:00+00:00,SOLUSD,194.52,196.25,186.18,188.32,1051209.15,200997870.1
2025-02-17T00:00:00+00:00,SOLUSD,188.32,189.71,174.75,177.52,2249434.07,408087687.83
2025-02-18T00:00:00+00:00,SOLUSD,177.52,179.06,160.83,169.23,3610059.04,606448520.02
2025-02-19T00:00:00+00:00,SOLUSD,169.23,174.24,163.74,168.9,1884600.69,319211309.96
2025-02-20T00:00:00+00:00,SOLUSD,168.9,176.67,167.68,176.07,1412994.76,244627512.26
2025-02-21T00:00:00+00:00,SOLUSD,176.07,180.55,167.03,168.83,1866219.82,324687600.24
2025-02-22T00:00:00+00:00,SOLUSD,168.83,174.66,168.01,172.09,759356.97,130751306.67
2025-02-23T00:00:00+00:00,SOLUSD,172.09,173.09,166.45,167.96,679264.26,114944072.84
2025-02-24T00:00:00+00:00,SOLUSD,167.96,169.64,137.82,141.83,3853746.48,591487924.69
2025-02-25T00:00:00+00:00,SOLUSD,141.83,146.93,131.97,144.17,4719553.57,659364350.57
2025-02-26T00:00:00+00:00,SOLUSD,144.17,145,130.49,135.11,3548423.59,485148730.28
2025-02-27T00:00:00+00:00,SOLUSD,135.11,142.7,134.6,137.56,2326499.58,321754176.33
2025-02-28T00:00:00+00:00,SOLUSD,137.56,148.6,125.43,148.11,3888858.88,532786311.92
2025-03-01T00:00:00+00:00,SOLUSD,148.11,151.07,138.52,143.61,1677322.6,240028993.76
2025-03-02T00:00:00+00:00,SOLUSD,143.61,179.93,140.02,178.75,5973699.69,988970916.81
2025-03-03T00:00:00+00:00,SOLUSD,178.75,179.45,139.1,142.04,5168640.28,813288041.85
2025-03-04T00:00:00+00:00,SOLUSD,142.04,146.85,130.73,144.79,4521057.67,628115729.93
2025-03-05T00:00:00+00:00,SOLUSD,144.79,149.7,140.23,146.32,2809518.48,404943828.16
2025-03-06T00:00:00+00:00,SOLUSD,146.32,152.88,142.46,143.3,2248183.44,331232423.98
2025-03-07T00:00:00+00:00,SOLUSD,143.3,150.82,135.08,139.34,3034947.22,434373597.5
2025-03-08T00:00:00+00:00,SOLUSD,139.34,141,135.26,136.95,920714.58,127053312.18
2025-03-09T00:00:00+00:00,SOLUSD,136.95,139.8,125.36,126.47,2009469.49,263177088.02
2025-03-10T00:00:00+00:00,SOLUSD,126.47,131.49,115.45,118.24,3475263.97,424317915.17
2025-03-11T00:00:00+00:00,SOLUSD,118.24,128.4,112.19,125.34,3395878.93,414367468.65
2025-03-12T00:00:00+00:00,SOLUSD,125.34,131.34,121.24,126.62,2303770.95,289534117.48
2025-03-13T00:00:00+00:00,SOLUSD,126.62,128.3,120.74,123.32,1626260.22,202485713.93
2025-03-14T00:00:00+00:00,SOLUSD,123.32,136.03,122.97,133.56,1959853.51,255080457.71
2025-03-15T00:00:00+00:00,SOLUSD,133.56,136.55,132.48,135.9,902396.93,121374100.5
2025-03-16T00:00:00+00:00,SOLUSD,135.9,136.7,125.2,126.1,1527950.87,199012186.21
2025-03-17T00:00:00+00:00,SOLUSD,126.1,130.62,125.55,128.04,1581162.65,202677554.08
2025-03-18T00:00:00+00:00,SOLUSD,128.04,128.19,121.8,125.32,1560719.57,193913537.25
2025-03-19T00:00:00+00:00,SOLUSD,125.32,136.09,124.21,135.39,2205220.03,287743812.79
2025-03-20T00:00:00+00:00,SOLUSD,135.39,136.11,126.61,127.5,1659924.66,217173608.91
2025-03-21T00:00:00+00:00,SOLUSD,127.5,130.12,124.83,128.45,1421833.49,181179162.39
2025-03-22T00:00:00+00:00,SOLUSD,128.45,131.77,127.78,128.49,734820.39,95163317.34
2025-03-23T00:00:00+00:00,SOLUSD,128.49,134.02,128.23,132.84,968822.79,127579894.09
2025-03-24T00:00:00+00:00,SOLUSD,132.84,145.11,132.08,141.02,2850386.69,400452460.5
2025-03-25T00:00:00+00:00,SOLUSD,141.02,147.53,138.18,143.7,2201889.9,316266140.73
2025-03-26T00:00:00+00:00,SOLUSD,143.7,145.53,135.94,137.37,1743074.66,245512677.16
2025-03-27T00:00:00+00:00,SOLUSD,137.37,140.23,135.65,138.41,1436758.63,198880791.28
2025-03-28T00:00:00+00:00,SOLUSD,138.41,139,127.69,129.43,2159703.03,284667466.11
2025-03-29T00:00:00+00:00,SOLUSD,129.43,130.47,122.7,124.53,1254264.55,158062399
2025-03-30T00:00:00+00:00,SOLUSD,124.53,127.02,123,124.8,1043282.75,130484138.99
2025-03-31T00:00:00+00:00,SOLUSD,124.8,127.8,122.75,124.55,1949246.47,244535464.56
2025-04-01T00:00:00+00:00,SOLUSD,124.55,130.38,123.76,126.69,1964638.99,249995441.21
2025-04-02T00:00:00+00:00,SOLUSD,126.69,136.03,117.25,117.39,3863082.25,489976387.54
2025-04-03T00:00:00+00:00,SOLUSD,117.39,120.92,112.22,117.11,3494234.12,406953031.87
2025-04-04T00:00:00+00:00,SOLUSD,117.11,123.97,113.29,122.75,3487160.57,413622408.69
2025-04-05T00:00:00+00:00,SOLUSD,122.75,122.81,116.33,120.26,1215526.11,145270398.55
2025-04-06T00:00:00+00:00,SOLUSD,120.26,121.04,103.78,105.83,3561485.52,396554200.02
2025-04-07T00:00:00+00:00,SOLUSD,105.83,112.81,95.24,106.94,7548770.77,784171623.39
2025-04-08T00:00:00+00:00,SOLUSD,106.94,112.54,102.88,105.36,4345244.28,468303371.18
2025-04-09T00:00:00+00:00,SOLUSD,105.36,120.76,101.19,119.04,5049846.58,556490414.2
2025-04-10T00:00:00+00:00,SOLUSD,119.04,119.25,108.31,112.76,2917219.78,328642459.44
2025-04-11T00:00:00+00:00,SOLUSD,112.76,122.62,112.1,121.36,2595280.54,307974272.05
2025-04-12T00:00:00+00:00,SOLUSD,121.36,134.05,119.37,132.23,2367541.51,302324520.12
2025-04-13T00:00:00+00:00,SOLUSD,132.23,133.95,125.29,128.31,2076803.69,268749542.26
2025-04-14T00:00:00+00:00,SOLUSD,128.31,136.01,127.92,129.38,2612166.91,344188092.1
2025-04-15T00:00:00+00:00,SOLUSD,129.38,134.4,125.84,126.09,2032254.29,263983582.31
2025-04-16T00:00:00+00:00,SOLUSD,126.09,133.87,123.5,131.32,2651466.56,339239633.18
2025-04-17T00:00:00+00:00,SOLUSD,131.32,136.14,129.51,134.84,2313843.85,308605724.42
2025-04-18T00:00:00+00:00,SOLUSD,134.84,135.99,132.48,134.05,1008915.35,135405250.71
2025-04-19T00:00:00+00:00,SOLUSD,134.05,140.51,133.59,139.86,1733804.31,239684105.71
2025-04-20T00:00:00+00:00,SOLUSD,139.86,141.95,135.69,137.86,1893009.44,262357945.52
2025-04-21T00:00:00+00:00,SOLUSD,137.86,143.08,133.86,136.57,2237130.38,308949387.05
2025-04-22T00:00:00+00:00,SOLUSD,136.57,150.24,134.82,148.84,2395403.64,344651093.89
2025-04-23T00:00:00+00:00,SOLUSD,148.84,154.14,147.22,151.17,2350533.99,354738245.15
2025-04-24T00:00:00+00:00,SOLUSD,151.17,152.91,145.28,152.59,1709239.75,255662631.95
2025-04-25T00:00:00+00:00,SOLUSD,152.59,156.95,150.03,150.92,2317309.85,355081699.04
2025-04-26T00:00:00+00:00,SOLUSD,150.92,153.24,147.82,149.28,904570.9,135707811.13
2025-04-27T00:00:00+00:00,SOLUSD,149.28,150.41,145.58,148.04,930860.53,138149445.08
2025-04-28T00:00:00+00:00,SOLUSD,148.04,153.43,144.7,147.88,2211212.49,328420887.56
2025-04-29T00:00:00+00:00,SOLUSD,147.88,150.37,145.02,146.35,1472520.91,217849603.92
2025-04-30T00:00:00+00:00,SOLUSD,146.35,148.67,140.42,147.57,2109941.54,305033502.07
2025-05-01T00:00:00+00:00,SOLUSD,147.57,154,147.57,150.9,1502195.57,226842187.27
2025-05-02T00:00:00+00:00,SOLUSD,150.9,151.97,147.41,148.09,1169246,175361702.74
2025-05-03T00:00:00+00:00,SOLUSD,148.09,149.07,145.9,146.76,661066.97,97613707.89
2025-05-04T00:00:00+00:00,SOLUSD,146.76,147.8,143.66,143.99,633838.62,92536897.76
2025-05-05T00:00:00+00:00,SOLUSD,143.99,147.72,142.56,146.67,1001119.88,145512165.51
2025-05-06T00:00:00+00:00,SOLUSD,146.67,147.22,141.39,146.88,987773.7,142497163.97
2025-05-07T00:00:00+00:00,SOLUSD,146.88,149.56,144.71,147.36,1239493.17,181995770
2025-05-08T00:00:00+00:00,SOLUSD,147.36,164.53,147.12,164.44,2702730.42,424323833.01
2025-05-09T00:00:00+00:00,SOLUSD,164.44,176.08,161.07,172.8,2825230.76,478143680.65
2025-05-10T00:00:00+00:00,SOLUSD,172.8,178.88,168.77,177.93,1466652.88,253391800.4
2025-05-11T00:00:00+00:00,SOLUSD,177.93,180.03,169.47,173.23,1713458.43,298828128.25
2025-05-12T00:00:00+00:00,SOLUSD,173.23,181.35,168.37,174.22,3451132.46,607439815.08
2025-05-13T00:00:00+00:00,SOLUSD,174.22,184.79,166.18,183.77,2418231.68,426481222.52
2025-05-14T00:00:00+00:00,SOLUSD,183.77,184.84,173.21,176.68,2006574.23,359369658.14
2025-05-15T00:00:00+00:00,SOLUSD,176.68,178.36,166.83,169.17,2430634.39,416500006.6
2025-05-16T00:00:00+00:00,SOLUSD,169.17,174.24,166.44,167.48,1554686.31,266324544.91
2025-05-17T00:00:00+00:00,SOLUSD,167.48,169.99,164.1,166.02,1316961.52,219578844.48
2025-05-18T00:00:00+00:00,SOLUSD,166.02,176.82,164.72,173.38,1731918.05,295333516.3
2025-05-19T00:00:00+00:00,SOLUSD,173.38,173.95,159.5,166.88,2029201.58,333708835.79
2025-05-20T00:00:00+00:00,SOLUSD,166.88,173.05,164.6,168.64,1753068.76,294367253.89
2025-05-21T00:00:00+00:00,SOLUSD,168.64,175.98,165.66,173.61,2567505.64,437347677.53
2025-05-22T00:00:00+00:00,SOLUSD,173.61,180.83,172.67,179.72,2153425.35,382502539.27
2025-05-23T00:00:00+00:00,SOLUSD,179.72,187.67,173.36,174.03,3614942.58,653657871.87
2025-05-24T00:00:00+00:00,SOLUSD,174.03,178.36,172.67,175.96,1110014.1,195112928.08
2025-05-25T00:00:00+00:00,SOLUSD,175.96,176.95,169.23,175.81,1423343.02,245361650.31
2025-05-26T00:00:00+00:00,SOLUSD,175.81,179.09,173.56,174.98,1140788.71,201379763.47
2025-05-27T00:00:00+00:00,SOLUSD,174.98,179.48,171.36,176.8,1474271.72,260529810.97
2025-05-28T00:00:00+00:00,SOLUSD,176.8,177.48,169.03,172.28,1279498.95,220733710.07
2025-05-29T00:00:00+00:00,SOLUSD,172.28,175.41,166.05,166.71,1483785.63,253136898.85
2025-05-30T00:00:00+00:00,SOLUSD,166.71,167.48,155.34,156.26,1800456.85,290792123.78
2025-05-31T00:00:00+00:00,SOLUSD,156.26,158.08,152.22,156.53,1225741.54,190288070.24
2025-06-01T00:00:00+00:00,SOLUSD,156.53,157.98,150.68,157.77,1087354.98,167972634.42
2025-06-02T00:00:00+00:00,SOLUSD,157.77,158.98,151.76,156.91,1406571.9,217518120.62
2025-06-03T00:00:00+00:00,SOLUSD,156.91,163.71,154.36,155.3,1263657.4,201821172.15
2025-06-04T00:00:00+00:00,SOLUSD,155.3,158.01,153.05,153.31,955449.23,148877566.64
2025-06-05T00:00:00+00:00,SOLUSD,153.31,154.66,141.57,144.38,1894645.32,281549617.46
2025-06-06T00:00:00+00:00,SOLUSD,144.38,152.46,144.27,147.95,1099142.54,163583793.09
2025-06-07T00:00:00+00:00,SOLUSD,147.95,152.91,147.01,150.16,606626.38,91401983.83
2025-06-08T00:00:00+00:00,SOLUSD,150.16,155.33,148.1,152.53,560641.5,84863431.72
2025-06-09T00:00:00+00:00,SOLUSD,152.53,161.76,149.7,161.23,1153604.79,179108410.9
2025-06-10T00:00:00+00:00,SOLUSD,161.23,165.68,156.4,165.14,1748946.04,282391223.47
2025-06-11T00:00:00+00:00,SOLUSD,165.14,168.37,159.28,161.02,2106957.56,347532150.94
2025-06-12T00:00:00+00:00,SOLUSD,161.02,161.34,152.11,152.41,1549533.55,244390728.28
2025-06-13T00:00:00+00:00,SOLUSD,152.41,152.63,140.95,148.66,2829771.69,411444727.38
2025-06-14T00:00:00+00:00,SOLUSD,148.66,148.76,142.06,144.72,887424.91,129033268.57
2025-06-15T00:00:00+00:00,SOLUSD,144.72,153.54,144.31,152.98,1158210.12,173155092.67
2025-06-16T00:00:00+00:00,SOLUSD,152.98,158.81,150.39,150.74,1800283.26,280457762.66
2025-06-17T00:00:00+00:00,SOLUSD,150.74,154.34,145.63,147.61,1547226.64,231469810.36
2025-06-18T00:00:00+00:00,SOLUSD,147.61,149.3,143.81,146.41,1185343.03,173323788.84
2025-06-19T00:00:00+00:00,SOLUSD,146.41,147.94,143.01,147.06,813179.56,118290943.95
2025-06-20T00:00:00+00:00,SOLUSD,147.06,148.8,135.74,140.15,1469768.16,209040394.59
2025-06-21T00:00:00+00:00,SOLUSD,140.15,142.61,131.03,135.47,1243159.52,171088028.19
2025-06-22T00:00:00+00:00,SOLUSD,135.47,137.64,126.09,131.78,2290228.96,299805281.71
2025-06-23T00:00:00+00:00,SOLUSD,131.78,147.01,130.75,144.6,2202669.96,303946442.39
2025-06-24T00:00:00+00:00,SOLUSD,144.6,146.81,142.43,145.98,1572983.95,227254323.46
2025-06-25T00:00:00+00:00,SOLUSD,145.98,147.99,142.38,143.65,1280993.15,186155680.36
2025-06-26T00:00:00+00:00,SOLUSD,143.65,148.03,138.72,139.15,1205240.54,172524820.6
2025-06-27T00:00:00+00:00,SOLUSD,139.15,144.87,137.25,142.17,1086841.2,153999088.73
2025-06-28T00:00:00+00:00,SOLUSD,142.17,152.72,141.24,150.81,1070494.78,158063386.87
2025-06-29T00:00:00+00:00,SOLUSD,150.81,154.76,149.46,153.36,826345.37,125325349.22
2025-06-30T00:00:00+00:00,SOLUSD,153.36,162.24,149.51,154.88,1949024.76,301641460.78
2025-07-01T00:00:00+00:00,SOLUSD,154.88,155.63,144.9,146.93,1215610.28,181207323.43
2025-07-02T00:00:00+00:00,SOLUSD,146.93,154.51,145.9,152.35,1290587.03,194625028.54
2025-07-03T00:00:00+00:00,SOLUSD,152.35,156.41,150.01,152.4,1169852.29,179108954.13
2025-07-04T00:00:00+00:00,SOLUSD,152.4,153.91,145.29,147.75,849642.58,126735058.69
2025-07-05T00:00:00+00:00,SOLUSD,147.75,148.7,145.98,147.62,398514.66,58791536.83
2025-07-06T00:00:00+00:00,SOLUSD,147.62,153.84,146.85,151.91,696894.99,105109960.71
2025-07-07T00:00:00+00:00,SOLUSD,151.91,153.58,147.75,148.91,1310319.46,197402475.12
2025-07-08T00:00:00+00:00,SOLUSD,148.91,152.87,147.86,151.73,905828.62,136427428.99
2025-07-09T00:00:00+00:00,SOLUSD,151.73,157.97,150.62,157.11,1679964.13,259666672.36
2025-07-10T00:00:00+00:00,SOLUSD,157.11,165.38,155.75,164.34,1549048.19,247646914.87
2025-07-11T00:00:00+00:00,SOLUSD,164.34,168.21,159.65,162.98,1913217.74,314326276.37
2025-07-12T00:00:00+00:00,SOLUSD,162.98,163.98,157.81,160.76,828687.16,133459776.12
2025-07-13T00:00:00+00:00,SOLUSD,160.76,164.22,159.73,161.22,855673.45,138616610.04
2025-07-14T00:00:00+00:00,SOLUSD,161.22,168.66,160.71,162.26,1741667.06,288370746.54
2025-07-15T00:00:00+00:00,SOLUSD,162.26,164.24,157.22,164.03,1411804.63,226893508.78
2025-07-16T00:00:00+00:00,SOLUSD,164.03,176.08,161.56,173.73,2645609.47,448832181.75
2025-07-17T00:00:00+00:00,SOLUSD,173.73,178.23,168.82,176,2123299.68,370359016.35
2025-07-18T00:00:00+00:00,SOLUSD,176,184.76,173.37,177.36,2754635.38,493005880.88
2025-07-19T00:00:00+00:00,SOLUSD,177.36,178.71,174.15,177.05,1527822.78,270528871.82
2025-07-20T00:00:00+00:00,SOLUSD,177.05,183.71,176.43,181.54,2048642.3,369233722.51
2025-07-21T00:00:00+00:00,SOLUSD,181.54,199.45,178.39,195.82,3983580.47,767167569.74
2025-07-22T00:00:00+00:00,SOLUSD,195.82,206.4,193.89,205.8,4248991.63,851563456.61
2025-07-23T00:00:00+00:00,SOLUSD,205.8,205.84,184.1,189.5,2832162.26,545246153.35
2025-07-24T00:00:00+00:00,SOLUSD,189.5,192.02,179.48,182.97,2685397.37,500594161.49
2025-07-25T00:00:00+00:00,SOLUSD,182.97,186.92,175.77,186.8,3047225.19,548134766.85
2025-07-26T00:00:00+00:00,SOLUSD,186.8,189.79,184.43,184.92,986479.52,184124510.84
2025-07-27T00:00:00+00:00,SOLUSD,184.92,190.74,184.62,188.71,1058015.86,198444213.45
2025-07-28T00:00:00+00:00,SOLUSD,188.71,195.31,182.22,183.13,2077635.75,392184056.3
2025-07-29T00:00:00+00:00,SOLUSD,183.13,186.64,178.26,181.47,1547445.62,281675365.23
2025-07-30T00:00:00+00:00,SOLUSD,181.47,182.5,170.45,177.77,1492161.81,264745022.53
2025-07-31T00:00:00+00:00,SOLUSD,177.77,182.67,171.49,172.22,1545370.03,274056279.25
2025-08-01T00:00:00+00:00,SOLUSD,172.22,172.24,159.2,162.67,3092390.35,517751854.06
2025-08-02T00:00:00+00:00,SOLUSD,162.67,165.21,155.81,158.48,1168151.35,187758990.15
2025-08-03T00:00:00+00:00,SOLUSD,158.48,163.13,156.3,162.01,756400.78,121815182.3
2025-08-04T00:00:00+00:00,SOLUSD,162.01,169.83,161.33,169.57,1479618.44,244834590.1
2025-08-05T00:00:00+00:00,SOLUSD,169.57,171.69,161.31,164.07,1244209.67,206575201.16
2025-08-06T00:00:00+00:00,SOLUSD,164.07,169.97,161.19,168.16,1112772.39,184561769.6
2025-08-07T00:00:00+00:00,SOLUSD,168.16,175.55,166.74,175.44,1333902.69,228221779.43
2025-08-08T00:00:00+00:00,SOLUSD,175.44,179.64,173.51,176.83,1853607.34,326886261.27
2025-08-09T00:00:00+00:00,SOLUSD,176.83,183.45,176.67,179.99,1306976.1,236129743.74
2025-08-10T00:00:00+00:00,SOLUSD,179.99,186.17,177.55,182.73,1533066.18,278888285.02
2025-08-11T00:00:00+00:00,SOLUSD,182.73,186.77,173.47,174.88,1763873.63,317834435.91
2025-08-12T00:00:00+00:00,SOLUSD,174.88,193.7,173.66,191.72,2782438.96,511272093.22
2025-08-13T00:00:00+00:00,SOLUSD,191.72,204.92,191.45,201.62,4459934.69,888135634.49
2025-08-14T00:00:00+00:00,SOLUSD,201.62,209.89,187.35,192.61,5097680.05,1013548552.3
2025-08-15T00:00:00+00:00,SOLUSD,192.61,198.19,183.44,185.89,2484276.83,470225777.86
2025-08-16T00:00:00+00:00,SOLUSD,185.89,190.14,185.36,189.74,1075876.39,202110244.79
2025-08-17T00:00:00+00:00,SOLUSD,189.74,195.91,187.53,191.15,1494161.95,287406910.4
2025-08-18T00:00:00+00:00,SOLUSD,191.15,191.44,180.11,183,2115435.14,388476891.58
2025-08-19T00:00:00+00:00,SOLUSD,183,185.92,175.68,176.21,2132601.86,382872347.25
2025-08-20T00:00:00+00:00,SOLUSD,176.21,188.02,176.05,187.97,2026882.64,369637533.22
2025-08-21T00:00:00+00:00,SOLUSD,187.97,190.08,179.37,180.28,2036453.89,375167568.51
2025-08-22T00:00:00+00:00,SOLUSD,180.28,202.53,177.29,200.64,3411337.71,653727921.88
2025-08-23T00:00:00+00:00,SOLUSD,200.64,208.4,195.24,204.07,2511789.18,509748596.91
2025-08-24T00:00:00+00:00,SOLUSD,204.07,211.94,201.09,205.96,3545254.16,733215279.84
2025-08-25T00:00:00+00:00,SOLUSD,205.96,213.47,185.46,187.22,4922552.57,980631308.12
2025-08-26T00:00:00+00:00,SOLUSD,187.22,198.11,185.67,195.88,2528048.48,482719484.65
2025-08-27T00:00:00+00:00,SOLUSD,195.88,212.08,193.83,202.94,4943424.57,1014969709.31
2025-08-28T00:00:00+00:00,SOLUSD,202.94,216.89,201.69,214.45,4737057.43,1003746573.97
2025-08-29T00:00:00+00:00,SOLUSD,214.45,217.94,199.93,205.13,6036454.76,1261525408.62
2025-08-30T00:00:00+00:00,SOLUSD,205.13,207.03,197.6,202.74,1740410.84,352311585.46
2025-08-31T00:00:00+00:00,SOLUSD,202.74,206.64,200.36,200.67,1682585.65,343643613.54
2025-09-01T00:00:00+00:00,SOLUSD,200.67,204.53,194.22,197.32,2657436.68,528432968.7
2025-09-02T00:00:00+00:00,SOLUSD,197.32,209.68,196.77,209.63,3502201.29,711428488.14
2025-09-03T00:00:00+00:00,SOLUSD,209.63,213.01,207.46,210.83,2230311.94,469042271.27
2025-09-04T00:00:00+00:00,SOLUSD,210.83,212.01,201.87,202.34,1985495.34,408774041.45
2025-09-05T00:00:00+00:00,SOLUSD,202.34,210.04,201.03,203.39,2685891.51,551122885.78
2025-09-06T00:00:00+00:00,SOLUSD,203.39,204.65,199.37,200.19,1114850.93,225157083.27
2025-09-07T00:00:00+00:00,SOLUSD,200.19,207.93,200.17,206.36,1376393.57,280700053.77
2025-09-08T00:00:00+00:00,SOLUSD,206.36,217.14,205.59,214.14,4004338.26,854147369.4
2025-09-09T00:00:00+00:00,SOLUSD,214.14,219.75,210.92,217.24,2871249.01,620031111.4
2025-09-10T00:00:00+00:00,SOLUSD,217.24,225.97,215.13,224.13,3269574.33,724855615.68
2025-09-11T00:00:00+00:00,SOLUSD,224.13,229.03,221.8,228.85,3143025.19,710478977.59
2025-09-12T00:00:00+00:00,SOLUSD,228.85,244.27,228.23,242.36,5349314.33,1272466518.23
2025-09-13T00:00:00+00:00,SOLUSD,242.36,244.31,235.6,242.49,2567617.48,619060305.81
2025-09-14T00:00:00+00:00,SOLUSD,242.49,249.92,239.35,239.89,3736763.84,917319586.91
2025-09-15T00:00:00+00:00,SOLUSD,239.89,244.08,230.21,234.39,4208656.92,991949828.63
2025-09-16T00:00:00+00:00,SOLUSD,234.39,240.98,231.36,237,3200643.34,756099212.87
2025-09-17T00:00:00+00:00,SOLUSD,237,246.71,232.36,244.92,3936733.78,933117598.43
2025-09-18T00:00:00+00:00,SOLUSD,244.92,253.58,242.68,247.6,3416117.19,847120014.54
2025-09-19T00:00:00+00:00,SOLUSD,247.6,248.64,235.27,238.66,2778108.2,668655995.65
2025-09-20T00:00:00+00:00,SOLUSD,238.66,241.31,237.07,239.6,953427.8,227941412.84
2025-09-21T00:00:00+00:00,SOLUSD,239.6,241.94,235.46,236.32,936615.53,223420340.13
2025-09-22T00:00:00+00:00,SOLUSD,236.32,237.08,216.17,220.56,4945817.59,1104538001.76
2025-09-23T00:00:00+00:00,SOLUSD,220.56,221.77,212.52,213.34,2952243.36,641920309.38
2025-09-24T00:00:00+00:00,SOLUSD,213.34,216.5,205.05,211.69,3341072.66,707174197.99
2025-09-25T00:00:00+00:00,SOLUSD,211.69,212.53,191.49,192.83,6261085.12,1258057453.41
2025-09-26T00:00:00+00:00,SOLUSD,192.83,205.63,190.93,205.28,5839670.61,1152322661.03
2025-09-27T00:00:00+00:00,SOLUSD,205.28,205.56,200.01,203.58,1328969.26,269531462.08
2025-09-28T00:00:00+00:00,SOLUSD,203.58,211.03,198.1,210.92,1778207.69,363438511.76
2025-09-29T00:00:00+00:00,SOLUSD,210.92,214.87,204.77,212.91,2650374.7,557218254.67
2025-09-30T00:00:00+00:00,SOLUSD,212.91,213.83,204.32,208.75,2848272.97,593396182.76
2025-10-01T00:00:00+00:00,SOLUSD,208.75,222.86,206.43,222.16,3192664.27,689744316.4
2025-10-02T00:00:00+00:00,SOLUSD,222.16,235.04,219.67,234.9,3545284.94,807464838.24
2025-10-03T00:00:00+00:00,SOLUSD,234.9,237.17,227.34,232.96,3378649.35,784410417.33
2025-10-04T00:00:00+00:00,SOLUSD,232.96,234.2,224.33,227.99,1355322.89,309564579.94
2025-10-05T00:00:00+00:00,SOLUSD,227.99,237.29,226.64,228.67,2086202.73,482846664.91
2025-10-06T00:00:00+00:00,SOLUSD,228.67,237.91,227.66,232.47,2622885.88,613221042.5
2025-10-07T00:00:00+00:00,SOLUSD,232.47,235.27,219.85,220.1,3032498.81,687144532.75
2025-10-08T00:00:00+00:00,SOLUSD,220.1,229.77,217.53,229.12,2488868.66,556933918.25
2025-10-09T00:00:00+00:00,SOLUSD,229.12,229.66,216.78,221.03,2707915.91,601585802.94
2025-10-10T00:00:00+00:00,SOLUSD,221.03,224.51,175.41,188.9,6628256.83,1344834157.07
2025-10-11T00:00:00+00:00,SOLUSD,188.9,191.18,172.85,177.84,5110066.52,933842453.53
2025-10-12T00:00:00+00:00,SOLUSD,177.84,199.17,173.24,197.23,4557594.8,853398202.5
2025-10-13T00:00:00+00:00,SOLUSD,197.23,209.46,190.45,208.87,3805158.02,758898206.61
2025-10-14T00:00:00+00:00,SOLUSD,208.87,211.46,191.27,202.55,6053102.67,1207565485.31
2025-10-15T00:00:00+00:00,SOLUSD,202.55,208.97,192.2,193.95,3551798.01,711055753.48
2025-10-16T00:00:00+00:00,SOLUSD,193.95,198.44,182.12,184.87,4041534.28,768697335.26
2025-10-17T00:00:00+00:00,SOLUSD,184.87,187.58,174.16,182.05,4479620.1,810796004.57
2025-10-18T00:00:00+00:00,SOLUSD,182.05,188.35,181.88,187.65,1346811.8,249890655.25
2025-10-19T00:00:00+00:00,SOLUSD,187.65,192.32,183.26,187.95,1760498.55,332050512.85
2025-10-20T00:00:00+00:00,SOLUSD,187.95,194.58,183.92,189.78,2214583.71,420682111.28
2025-10-21T00:00:00+00:00,SOLUSD,189.78,197.79,182.8,185.73,3149138.37,598137301.63
2025-10-22T00:00:00+00:00,SOLUSD,185.73,187.52,177.37,180.16,2819202.79,515527821.95
2025-10-23T00:00:00+00:00,SOLUSD,180.16,193.5,179.74,191.42,2048070.08,385416351.69
2025-10-24T00:00:00+00:00,SOLUSD,191.42,196.29,188.86,193.62,1819087.14,350028731.12
2025-10-25T00:00:00+00:00,SOLUSD,193.62,195.28,191.32,193.88,647291,125305172.82
2025-10-26T00:00:00+00:00,SOLUSD,193.88,202.11,192,200.07,1253590.46,247944199.16
2025-10-27T00:00:00+00:00,SOLUSD,200.07,205.3,197.34,198.71,1924764.49,387405056.6
2025-10-28T00:00:00+00:00,SOLUSD,198.71,203.97,190.7,194.23,2417544.55,479797125.07
2025-10-29T00:00:00+00:00,SOLUSD,194.23,201.71,189.93,193.98,2716843.01,531678004.06
2025-10-30T00:00:00+00:00,SOLUSD,193.98,198.18,178.66,184.69,3304653.05,618185224.02
2025-10-31T00:00:00+00:00,SOLUSD,184.69,190.19,183.73,187.16,2212864.65,413560961.01
2025-11-01T00:00:00+00:00,SOLUSD,187.16,187.42,183.77,186.3,856356.65,159264489.3
2025-11-02T00:00:00+00:00,SOLUSD,186.3,188.25,182.08,187.76,933564.58,173055327.79
2025-11-03T00:00:00+00:00,SOLUSD,187.76,189.03,163.27,166.05,4166789.35,716273729.47
2025-11-04T00:00:00+00:00,SOLUSD,166.05,168.37,146.25,155.03,6350217.43,1000082395.91
2025-11-05T00:00:00+00:00,SOLUSD,155.03,163.99,147.3,162.38,3794198.99,598020431.96
2025-11-06T00:00:00+00:00,SOLUSD,162.38,162.92,150.82,155.22,2397902.92,378255699.08
2025-11-07T00:00:00+00:00,SOLUSD,155.22,164.39,149.75,161.72,2851525.33,449259128.88
2025-11-08T00:00:00+00:00,SOLUSD,161.72,164.82,155.8,157.98,1319685.56,211179127.26
2025-11-09T00:00:00+00:00,SOLUSD,157.98,166.52,155.14,164.52,1604028.86,258804505.89
2025-11-10T00:00:00+00:00,SOLUSD,164.52,170.44,163.42,167.3,1963300.11,328357072.51
2025-11-11T00:00:00+00:00,SOLUSD,167.3,171.89,153.91,154.55,2374148.44,386158737.04
2025-11-12T00:00:00+00:00,SOLUSD,154.55,161.13,151.18,153.37,2286636.42,356041835.13
2025-11-13T00:00:00+00:00,SOLUSD,153.37,157.18,141,144.69,3463405.96,516375112.39
2025-11-14T00:00:00+00:00,SOLUSD,144.69,145.61,135.7,138.8,3838187.65,540991525.68
2025-11-15T00:00:00+00:00,SOLUSD,138.8,144.57,138.54,139.54,1282271.18,181555531.49
2025-11-16T00:00:00+00:00,SOLUSD,139.54,143.23,134.38,137.08,1869046.08,258155540.3
2025-11-17T00:00:00+00:00,SOLUSD,137.08,143.08,128.69,130.84,3327623.16,449437843.15
2025-11-18T00:00:00+00:00,SOLUSD,130.84,142.06,128.9,140.64,3465614.54,476178277.39
2025-11-19T00:00:00+00:00,SOLUSD,140.64,142.73,130.45,136.93,3098828.42,421416858.67
2025-11-20T00:00:00+00:00,SOLUSD,136.93,144.65,131.05,133.51,5142934.96,705501411.65
2025-11-21T00:00:00+00:00,SOLUSD,133.51,134.93,121.54,128.59,6254748.64,798453525.24
2025-11-22T00:00:00+00:00,SOLUSD,128.59,129.85,125.06,127.53,1688799.04,214794473.1
2025-11-23T00:00:00+00:00,SOLUSD,127.53,133.45,127.49,130.55,1961754.98,256558637.18
2025-11-24T00:00:00+00:00,SOLUSD,130.55,139.84,128.41,138.41,3341086.44,446470021.96
2025-11-25T00:00:00+00:00,SOLUSD,138.41,140.45,133.13,138.91,2745310.86,374804876.65
2025-11-26T00:00:00+00:00,SOLUSD,138.91,144.72,135.48,143.02,2716145.67,380544317.42
2025-11-27T00:00:00+00:00,SOLUSD,143.02,144.26,140.5,140.85,1486644.27,211701232.57
2025-11-28T00:00:00+00:00,SOLUSD,140.85,143.58,136.05,137.37,2302691.37,323042641.09
2025-11-29T00:00:00+00:00,SOLUSD,137.37,138.08,134.84,135.96,862318.95,117820754.04
2025-11-30T00:00:00+00:00,SOLUSD,135.96,140.18,133.28,133.49,1225547.3,168345043.17
2025-12-01T00:00:00+00:00,SOLUSD,133.49,133.73,123.11,126.67,3714682.35,470524673.56
2025-12-02T00:00:00+00:00,SOLUSD,126.67,140.92,126.01,138.7,2903594.65,389427995.19
2025-12-03T00:00:00+00:00,SOLUSD,138.7,146.09,137.8,144.72,2359405.26,334825612.25
2025-12-04T00:00:00+00:00,SOLUSD,144.72,146.91,137.85,139.06,1952555.99,277797816.6
2025-12-05T00:00:00+00:00,SOLUSD,139.06,140.74,130.89,133.33,2074480.09,281254889.22
2025-12-06T00:00:00+00:00,SOLUSD,133.33,134.16,131.35,132.24,797844.31,106047467.88
2025-12-07T00:00:00+00:00,SOLUSD,132.24,136.35,127.79,132.29,1526533.93,202089214.84
2025-12-08T00:00:00+00:00,SOLUSD,132.29,139.35,131.57,133.27,2118217.65,287827952
2025-12-09T00:00:00+00:00,SOLUSD,133.27,144.91,131.65,137.9,2454957.67,339594002.07
2025-12-10T00:00:00+00:00,SOLUSD,137.9,142.56,135.48,136.32,2628650.42,363018268.82
2025-12-11T00:00:00+00:00,SOLUSD,136.32,137.82,129.1,136.43,2808880.28,373700915.78
2025-12-12T00:00:00+00:00,SOLUSD,136.43,140.13,130.37,132.29,2266747.75,306520381.03
2025-12-13T00:00:00+00:00,SOLUSD,132.29,134.28,131.66,133.17,714475.65,94991742.9
2025-12-14T00:00:00+00:00,SOLUSD,133.17,133.69,128.1,129.4,1151326.91,150923250.44
2025-12-15T00:00:00+00:00,SOLUSD,129.4,135.39,123.63,127.79,2772255.43,356350604.42
2025-12-16T00:00:00+00:00,SOLUSD,127.79,130.09,124.91,129.14,2249850.69,287396904.44
2025-12-17T00:00:00+00:00,SOLUSD,129.14,133.95,121.32,123.21,3020988.57,382032085.39
2025-12-18T00:00:00+00:00,SOLUSD,123.21,128.95,116.85,119.54,3699060.15,454192292.08
2025-12-19T00:00:00+00:00,SOLUSD,119.54,127.78,117.58,126.2,2505283.23,310483064.54
2025-12-20T00:00:00+00:00,SOLUSD,126.2,126.81,125.25,125.77,595035.25,74996417.74
2025-12-21T00:00:00+00:00,SOLUSD,125.77,126.57,123.41,126,859220.27,107504036.38
2025-12-22T00:00:00+00:00,SOLUSD,126,128.71,124.18,125.84,1767895.51,223378453.89
2025-12-23T00:00:00+00:00,SOLUSD,125.84,126.85,122.15,123.93,1366123.98,169565770.42
2025-12-24T00:00:00+00:00,SOLUSD,123.93,124.21,120.53,122.45,1141215.28,139398149.37
2025-12-25T00:00:00+00:00,SOLUSD,122.45,124.36,119.69,120,827505.59,101144840.33
2025-12-26T00:00:00+00:00,SOLUSD,120,125.02,119.2,122.19,1885258.8,230655428.97
2025-12-27T00:00:00+00:00,SOLUSD,122.19,124.96,121.79,124.65,641330.7,79064227.64
2025-12-28T00:00:00+00:00,SOLUSD,124.65,125.53,123.01,125.17,585648.05,72718134.18
2025-12-29T00:00:00+00:00,SOLUSD,125.17,129.95,122.24,123.12,2304342.27,289913303.86
2025-12-30T00:00:00+00:00,SOLUSD,123.12,126.37,122.46,124.89,1274791.81,158425356.36
2025-12-31T00:00:00+00:00,SOLUSD,124.89,127.24,123.18,124.45,1910548.61,239075627.41
2026-01-01T00:00:00+00:00,SOLUSD,124.45,127.08,123.96,126.74,934283.56,116908268.89
2026-01-02T00:00:00+00:00,SOLUSD,126.74,133.16,125.71,132.25,2386372,309564003.29
2026-01-03T00:00:00+00:00,SOLUSD,132.25,133.89,129.57,133.32,970098.88,127929358.31
2026-01-04T00:00:00+00:00,SOLUSD,133.32,135.48,133.07,134.06,1135799.21,152483906.91
2026-01-05T00:00:00+00:00,SOLUSD,134.06,139.82,133.13,137.9,2175707.27,296311616.59
2026-01-06T00:00:00+00:00,SOLUSD,137.9,143.43,136.12,141.03,2758788.2,384921808.66
2026-01-07T00:00:00+00:00,SOLUSD,141.03,141.31,134.31,136.27,1565419.33,214746472.52
2026-01-08T00:00:00+00:00,SOLUSD,136.27,139.92,132.58,138.26,1966295.82,268283283.19
2026-01-09T00:00:00+00:00,SOLUSD,138.26,140.97,134.83,135.8,2224377.12,307267685.26
2026-01-10T00:00:00+00:00,SOLUSD,135.8,136.86,135.19,135.67,538770.47,73301202.22
2026-01-11T00:00:00+00:00,SOLUSD,135.67,141.36,135.58,139.5,1474066.15,203662429.66
2026-01-12T00:00:00+00:00,SOLUSD,139.5,144.17,138.24,139.07,2672960.06,376963593.28
2026-01-13T00:00:00+00:00,SOLUSD,139.07,148.33,137.69,145.42,2902151.09,414538750.69
2026-01-14T00:00:00+00:00,SOLUSD,145.42,148.39,143.34,146.69,2979575.22,435167132.82
2026-01-15T00:00:00+00:00,SOLUSD,146.69,146.71,140.92,142.37,1891908.02,271643456.32
2026-01-16T00:00:00+00:00,SOLUSD,142.37,145.49,140.21,144.84,1490913.25,213108576.67
2026-01-17T00:00:00+00:00,SOLUSD,144.84,144.91,143.27,143.68,642009.53,92509003.75
2026-01-18T00:00:00+00:00,SOLUSD,143.68,143.93,137.69,137.81,1134617.11,160534959.74
2026-01-19T00:00:00+00:00,SOLUSD,137.81,137.81,130.82,133.37,2243051.38,299969188.44
2026-01-20T00:00:00+00:00,SOLUSD,133.37,134.53,124.59,125.67,2869807.87,370585095.17
2026-01-21T00:00:00+00:00,SOLUSD,125.67,132.02,125.18,129.44,2631290.5,338038134.33
2026-01-22T00:00:00+00:00,SOLUSD,129.44,130.83,126.62,128.35,1229121.99,158381154.51
2026-01-23T00:00:00+00:00,SOLUSD,128.35,130.04,125.18,127.29,1342382.07,171438821.87
2026-01-24T00:00:00+00:00,SOLUSD,127.29,127.92,126.48,127.03,420380.46,53471783.43
2026-01-25T00:00:00+00:00,SOLUSD,127.03,127.28,117.24,118.75,2161656.23,261054470.71
2026-01-26T00:00:00+00:00,SOLUSD,118.75,125.45,118.45,124.11,2025223.25,249004872.63
2026-01-27T00:00:00+00:00,SOLUSD,124.11,127.71,122.97,127.03,1351052.1,168926920.29
2026-01-28T00:00:00+00:00,SOLUSD,127.03,128.15,124.63,125.17,1237680.74,156352033.75
2026-01-29T00:00:00+00:00,SOLUSD,125.17,125.31,115.24,117.62,2719223.78,324636580.28
2026-01-30T00:00:00+00:00,SOLUSD,117.62,118.93,112.22,117.43,3566483.28,413520030.81
2026-01-31T00:00:00+00:00,SOLUSD,117.43,118.71,96.93,105.47,6447349.06,697067076.39
2026-02-01T00:00:00+00:00,SOLUSD,105.47,106.58,97.97,100.67,3681331.75,378023852.65
2026-02-02T00:00:00+00:00,SOLUSD,100.67,106.04,95.88,104.46,5189541.19,528746698.05
2026-02-03T00:00:00+00:00,SOLUSD,104.46,104.99,96.55,97.76,4031836.75,406032929.28
2026-02-04T00:00:00+00:00,SOLUSD,97.76,99.53,89.17,91.93,6228592,583600268.94
2026-02-05T00:00:00+00:00,SOLUSD,91.93,93.24,77.45,78.21,10520031.71,890972464.92
2026-02-06T00:00:00+00:00,SOLUSD,78.21,89.76,67.65,87.41,11645935.25,938143103.85
2026-02-07T00:00:00+00:00,SOLUSD,87.41,89.14,84.14,87.57,3900402.51,338683227.54
2026-02-08T00:00:00+00:00,SOLUSD,87.57,89,85.74,86.94,2117520.11,185294464.41
2026-02-09T00:00:00+00:00,SOLUSD,86.94,88.63,82.81,86.72,3180782.56,273648674.95
2026-02-10T00:00:00+00:00,SOLUSD,86.72,87.44,81.88,82.94,2565542.88,216022940.37
2026-02-11T00:00:00+00:00,SOLUSD,82.94,84.34,78.01,79.24,3889278.38,313815023.65
2026-02-12T00:00:00+00:00,SOLUSD,79.24,82.19,76.54,78.33,3420507.03,271471984.61
2026-02-13T00:00:00+00:00,SOLUSD,78.33,85.58,77.47,84.28,3204772.33,262093570.8
2026-02-14T00:00:00+00:00,SOLUSD,84.28,88.85,84.18,88.03,2212282.58,192318631.36
2026-02-15T00:00:00+00:00,SOLUSD,88.03,91.21,84.87,86.1,3339815.03,293134081.24
2026-02-16T00:00:00+00:00,SOLUSD,86.1,86.88,82.54,86.41,2534272.73,215358803.56
2026-02-17T00:00:00+00:00,SOLUSD,86.41,87.63,82.89,85.05,2381233.04,202503312.73
2026-02-18T00:00:00+00:00,SOLUSD,85.05,86.02,80.47,81.57,2473297.38,204832802.33
2026-02-19T00:00:00+00:00,SOLUSD,81.57,82.63,79.6,82.47,1976619.15,160690030.51
2026-02-20T00:00:00+00:00,SOLUSD,82.47,85.43,81.75,84.64,2991266.78,250629057.25
2026-02-21T00:00:00+00:00,SOLUSD,84.64,86.7,83.95,85.17,1194188.13,102140889.05
2026-02-22T00:00:00+00:00,SOLUSD,85.17,85.57,82.44,82.75,1230347.63,103453852.67
2026-02-23T00:00:00+00:00,SOLUSD,82.75,82.81,77.15,77.88,4101324.73,323973078.33
2026-02-24T00:00:00+00:00,SOLUSD,77.88,79.62,75.66,78.98,2647408.5,205059721.56
2026-02-25T00:00:00+00:00,SOLUSD,78.98,92.09,78.74,88.06,4833357.46,413736384.46
2026-02-26T00:00:00+00:00,SOLUSD,88.06,89.26,84.37,85.91,3151526.83,273116184.58
2026-02-27T00:00:00+00:00,SOLUSD,85.91,88.28,80.33,81.85,3248994.05,271439884.14
2026-02-28T00:00:00+00:00,SOLUSD,81.85,85.66,77.14,84.37,3857394.8,311617124.98
2026-03-01T00:00:00+00:00,SOLUSD,84.37,88.87,81.71,83.6,3687642.16,314630655.06
2026-03-02T00:00:00+00:00,SOLUSD,83.6,90.29,82.37,86.63,4627269.41,399677604.66
2026-03-03T00:00:00+00:00,SOLUSD,86.63,87.46,82.5,86.99,4221924.19,359571781.43
2026-03-04T00:00:00+00:00,SOLUSD,86.99,94.08,84.79,90.89,5156706.81,464259988.62
2026-03-05T00:00:00+00:00,SOLUSD,90.89,92.98,87.93,88.78,2962748.5,266791983.17
2026-03-06T00:00:00+00:00,SOLUSD,88.78,89.31,83.65,84.68,3149222.22,271271182.53
2026-03-07T00:00:00+00:00,SOLUSD,84.68,85.06,82.29,83.22,1082780.6,90854310.98
2026-03-08T00:00:00+00:00,SOLUSD,83.22,84.09,80.29,81.59,1680106.17,137984709.54
2026-03-09T00:00:00+00:00,SOLUSD,81.59,87.05,81.55,84.97,3368722.6,284830853.56
2026-03-10T00:00:00+00:00,SOLUSD,84.97,88.8,84.85,85.89,2642130.68,228995036.11
2026-03-11T00:00:00+00:00,SOLUSD,85.89,88.09,84.36,86.58,2410057.47,208008514.96
2026-03-12T00:00:00+00:00,SOLUSD,86.58,87.7,84.73,86.84,2230791.75,192433038.75
2026-03-13T00:00:00+00:00,SOLUSD,86.84,93.01,86.72,88.19,4036702.82,363039541.24
2026-03-14T00:00:00+00:00,SOLUSD,88.19,88.71,86.54,88.06,895076.13,78311757.19
2026-03-15T00:00:00+00:00,SOLUSD,88.06,93.23,87.38,92.33,1803914.12,161664287.83
2026-03-16T00:00:00+00:00,SOLUSD,92.33,97.66,91.2,96.19,3936056.85,370236693.31
2026-03-17T00:00:00+00:00,SOLUSD,96.19,96.95,93.18,94.65,2506373.91,237130127
2026-03-18T00:00:00+00:00,SOLUSD,94.65,95.66,88.58,90.09,2451331.84,223419972.83
2026-03-19T00:00:00+00:00,SOLUSD,90.09,91.41,87.01,88.9,2067467.59,183568387.9
2026-03-20T00:00:00+00:00,SOLUSD,88.9,90.44,88.13,89.83,1436232.5,128091741
2026-03-21T00:00:00+00:00,SOLUSD,89.83,90.79,87.15,87.55,746747.79,66997362.72
2026-03-22T00:00:00+00:00,SOLUSD,87.55,89.18,85.14,86.2,1643188.95,143135847.36
2026-03-23T00:00:00+00:00,SOLUSD,86.2,92.25,85.1,91.42,3097918.36,277574757.55
2026-03-24T00:00:00+00:00,SOLUSD,91.42,92.19,88.39,90.77,2436385.18,219631562.77
2026-03-25T00:00:00+00:00,SOLUSD,90.77,93.43,90.71,91.68,2043481.8,188122663.37
2026-03-26T00:00:00+00:00,SOLUSD,91.68,91.94,85.39,86.48,2276567.32,200020460.8
2026-03-27T00:00:00+00:00,SOLUSD,86.48,86.98,81.8,83.06,2514546.31,210735127.16
2026-03-28T00:00:00+00:00,SOLUSD,83.06,84.21,81.68,82.03,1182590.67,98181030.22
2026-03-29T00:00:00+00:00,SOLUSD,82.03,83.16,79.03,81.37,1163820.75,94893688.87
2026-03-30T00:00:00+00:00,SOLUSD,81.37,84.92,81.12,82.48,2254490.81,188250289.51
2026-03-31T00:00:00+00:00,SOLUSD,82.48,84.52,80.08,83.12,3017126.94,247569665.4
2026-04-01T00:00:00+00:00,SOLUSD,83.12,86.61,80.77,81.17,2853901.36,237769261.95
2026-04-02T00:00:00+00:00,SOLUSD,81.17,81.75,76.7,78.95,3179199.09,251371540.4
2026-04-03T00:00:00+00:00,SOLUSD,78.95,80.89,78.86,80.38,1533206.98,122462787.09
2026-04-04T00:00:00+00:00,SOLUSD,80.38,81.58,79.6,80.83,868182.84,69992776.42
2026-04-05T00:00:00+00:00,SOLUSD,80.83,82.08,78.5,81.85,1421332.82,113700216.07
2026-04-06T00:00:00+00:00,SOLUSD,81.85,83.17,79.61,80.03,2146199.07,175789451.8
2026-04-07T00:00:00+00:00,SOLUSD,80.03,87,78.37,85.56,3579170.97,291055617.15
2026-04-08T00:00:00+00:00,SOLUSD,85.56,85.89,82.26,82.58,2193007.17,184321786.62
2026-04-09T00:00:00+00:00,SOLUSD,82.58,85.9,81.42,83.35,2005384.47,166810705.7
2026-04-10T00:00:00+00:00,SOLUSD,83.35,85.67,82.7,84.85,1673145.09,140746800.55
2026-04-11T00:00:00+00:00,SOLUSD,84.85,86.28,83.84,84.96,964841.4,81987430.02
2026-04-12T00:00:00+00:00,SOLUSD,84.96,85.03,81.31,81.54,1565796.61,128884838.63
2026-04-13T00:00:00+00:00,SOLUSD,81.54,86.82,81.41,86.57,2482776.96,207366549.74
2026-04-14T00:00:00+00:00,SOLUSD,86.57,87.7,83.35,83.76,2725783.83,233181342.31
2026-04-15T00:00:00+00:00,SOLUSD,83.76,85.84,82.7,84.92,2244099.89,188807392.16
2026-04-16T00:00:00+00:00,SOLUSD,84.92,90.5,83.86,89.1,3054035.44,265740954.85
2026-04-17T00:00:00+00:00,SOLUSD,89.1,90.78,87.39,88.82,3294439.39,293763592.26
2026-04-18T00:00:00+00:00,SOLUSD,88.82,89.19,85.84,86.2,1384563.16,120779723.79
2026-04-19T00:00:00+00:00,SOLUSD,86.2,87.14,82.98,83.49,2134083.01,181610170.27
2026-04-20T00:00:00+00:00,SOLUSD,83.49,86.24,83.38,85.31,1936354.11,164881247.37
2026-04-21T00:00:00+00:00,SOLUSD,85.31,86.92,84.35,86.06,2181222.46,186655607.53
2026-04-22T00:00:00+00:00,SOLUSD,86.06,89.35,86.04,86.91,2374555.29,208581462.04
2026-04-23T00:00:00+00:00,SOLUSD,86.91,87.17,84.52,86.17,2266169,194586584.98
2026-04-24T00:00:00+00:00,SOLUSD,86.17,86.98,84.98,86.22,2124209.1,182815895.05
2026-04-25T00:00:00+00:00,SOLUSD,86.22,86.82,85.57,86.2,647070.09,55795123.78
2026-04-26T00:00:00+00:00,SOLUSD,86.2,87.33,85.87,86.95,976478.09,84534238
2026-04-27T00:00:00+00:00,SOLUSD,86.95,88.09,83.66,84.81,2102781.07,179663719.12
2026-04-28T00:00:00+00:00,SOLUSD,84.81,84.92,82.98,84.05,1247418.1,104539863.86
2026-04-29T00:00:00+00:00,SOLUSD,84.05,85.55,81.38,83.02,2128118.83,177749223.61
2026-04-30T00:00:00+00:00,SOLUSD,83.02,83.96,82.14,83.05,1658536.4,137923516.32
2026-05-01T00:00:00+00:00,SOLUSD,83.05,84.85,83.05,83.76,1375782.85,115562979.78
2026-05-02T00:00:00+00:00,SOLUSD,83.76,84.95,83.44,84.26,637246.56,53548092.99
2026-05-03T00:00:00+00:00,SOLUSD,84.26,84.96,83.58,83.91,679263.13,57198531.24
2026-05-04T00:00:00+00:00,SOLUSD,83.91,85.87,83.25,84.09,1911759.08,161638912.03
2026-05-05T00:00:00+00:00,SOLUSD,84.09,86.97,84.03,86.28,1574177.42,134764929.73
2026-05-06T00:00:00+00:00,SOLUSD,86.28,90.01,86.1,89.15,2192853.66,193991764.18
2026-05-07T00:00:00+00:00,SOLUSD,89.15,90.41,87.63,88.4,1868536.97,165659576.06
2026-05-08T00:00:00+00:00,SOLUSD,88.4,88.63,87.63,88.4,227572.01,20056851.93
