model,alpha,validation_month,train_rows,validation_rows,cv_r2
OLS,,2023-08,55,31,-0.8096289108720289
OLS,,2023-09,86,30,-0.9691280730024177
OLS,,2023-10,116,31,0.3661450033405863
OLS,,2023-11,147,30,0.19515367736437705
OLS,,2023-12,177,31,0.49068806122057573
OLS,,2024-01,208,31,0.5501940190357912
OLS,,2024-02,239,29,0.3694106335787004
OLS,,2024-03,268,31,0.5410617225984864
OLS,,2024-04,299,30,0.6544613512762654
OLS,,2024-05,329,31,-0.007221689857716207
OLS,,2024-06,360,30,0.314466443577719
OLS,,2024-07,390,31,0.6016397962765692
OLS,,2024-08,421,31,0.8059887312189681
OLS,,2024-09,452,30,0.6612325886717986
OLS,,2024-10,482,31,0.5672734856548725
OLS,,2024-11,513,30,0.016265553982398484
OLS,,2024-12,543,31,0.3792152880184545
OLS,,2025-01,574,31,0.6825217932571854
OLS,,2025-02,605,28,0.7260212689335648
OLS,,2025-03,633,31,0.5588217258650603
OLS,,2025-04,664,30,0.6520540325123283
OLS,,2025-05,694,31,0.7944860979409821
OLS,,2025-06,725,30,0.8435397220850835
OLS,,2025-07,755,31,0.8076117012981265
OLS,,2025-08,786,31,0.7133571911802656
OLS,,2025-09,817,30,0.8016516389763116
OLS,,2025-10,847,6,0.7566874659599294
Ridge,0.01,2023-08,55,31,-0.8077340301628972
Ridge,0.01,2023-09,86,30,-0.963695003797788
Ridge,0.01,2023-10,116,31,0.3662837768248989
Ridge,0.01,2023-11,147,30,0.19560372048543506
Ridge,0.01,2023-12,177,31,0.4908009885450597
Ridge,0.01,2024-01,208,31,0.5502912937806061
Ridge,0.01,2024-02,239,29,0.36941893583726737
Ridge,0.01,2024-03,268,31,0.5410756011806324
Ridge,0.01,2024-04,299,30,0.6544856556042487
Ridge,0.01,2024-05,329,31,-0.007191918207908543
Ridge,0.01,2024-06,360,30,0.31450283811317215
Ridge,0.01,2024-07,390,31,0.6016560676719752
Ridge,0.01,2024-08,421,31,0.8060048354027328
Ridge,0.01,2024-09,452,30,0.6612586965156942
Ridge,0.01,2024-10,482,31,0.5672942156538592
Ridge,0.01,2024-11,513,30,0.016284969977098274
Ridge,0.01,2024-12,543,31,0.3792224539907606
Ridge,0.01,2025-01,574,31,0.682524170652443
Ridge,0.01,2025-02,605,28,0.7260277752938467
Ridge,0.01,2025-03,633,31,0.5588299231515497
Ridge,0.01,2025-04,664,30,0.6520730753783066
Ridge,0.01,2025-05,694,31,0.7944873683010485
Ridge,0.01,2025-06,725,30,0.8435400523061102
Ridge,0.01,2025-07,755,31,0.807618179453237
Ridge,0.01,2025-08,786,31,0.7133666256816982
Ridge,0.01,2025-09,817,30,0.8016573941505452
Ridge,0.01,2025-10,847,6,0.7566911051553609
Ridge,0.1,2023-08,55,31,-0.7893242845456834
Ridge,0.1,2023-09,86,30,-0.9184508851562534
Ridge,0.1,2023-10,116,31,0.3674763028846464
Ridge,0.1,2023-11,147,30,0.19958222652959234
Ridge,0.1,2023-12,177,31,0.4918054527143412
Ridge,0.1,2024-01,208,31,0.5511615015872978
Ridge,0.1,2024-02,239,29,0.3694932320412103
Ridge,0.1,2024-03,268,31,0.5411996945980524
Ridge,0.1,2024-04,299,30,0.6547027645035827
Ridge,0.1,2024-05,329,31,-0.006924444647717021
Ridge,0.1,2024-06,360,30,0.31482782918431373
Ridge,0.1,2024-07,390,31,0.601802257014298
Ridge,0.1,2024-08,421,31,0.8061493843792202
Ridge,0.1,2024-09,452,30,0.6614931849129553
Ridge,0.1,2024-10,482,31,0.5674804051443545
Ridge,0.1,2024-11,513,30,0.016459508485808905
Ridge,0.1,2024-12,543,31,0.379287082096014
Ridge,0.1,2025-01,574,31,0.6825453593693026
Ridge,0.1,2025-02,605,28,0.7260860972892274
Ridge,0.1,2025-03,633,31,0.5589035546284722
Ridge,0.1,2025-04,664,30,0.6522441856369641
Ridge,0.1,2025-05,694,31,0.7944987525817675
Ridge,0.1,2025-06,725,30,0.8435430012059357
Ridge,0.1,2025-07,755,31,0.8076763846452772
Ridge,0.1,2025-08,786,31,0.7134514802447058
Ridge,0.1,2025-09,817,30,0.8017091101814011
Ridge,0.1,2025-10,847,6,0.7567238236231959
Ridge,1.0,2023-08,55,31,-0.6299802108684465
Ridge,1.0,2023-09,86,30,-0.6598836304012929
Ridge,1.0,2023-10,116,31,0.3757701511775321
Ridge,1.0,2023-11,147,30,0.23348401066278113
Ridge,1.0,2023-12,177,31,0.5008169731455682
Ridge,1.0,2024-01,208,31,0.5593766458891173
Ridge,1.0,2024-02,239,29,0.3701958118777916
Ridge,1.0,2024-03,268,31,0.5423651876714443
Ridge,1.0,2024-04,299,30,0.6567310418181186
Ridge,1.0,2024-05,329,31,-0.004298118676963503
Ridge,1.0,2024-06,360,30,0.31784615035358965
Ridge,1.0,2024-07,390,31,0.6032395956570318
Ridge,1.0,2024-08,421,31,0.807558657974571
Ridge,1.0,2024-09,452,30,0.6637921121666732
Ridge,1.0,2024-10,482,31,0.5693053340445657
Ridge,1.0,2024-11,513,30,0.018184897766263974
Ridge,1.0,2024-12,543,31,0.3799454122582292
Ridge,1.0,2025-01,574,31,0.6827379172848751
Ridge,1.0,2025-02,605,28,0.7266472047847348
Ridge,1.0,2025-03,633,31,0.5596261427841984
Ridge,1.0,2025-04,664,30,0.6539288481481268
Ridge,1.0,2025-05,694,31,0.7946079373766521
Ridge,1.0,2025-06,725,30,0.8435703117999253
Ridge,1.0,2025-07,755,31,0.808248977548023
Ridge,1.0,2025-08,786,31,0.714294554861548
Ridge,1.0,2025-09,817,30,0.802218518259511
Ridge,1.0,2025-10,847,6,0.7570477354042143
Ridge,10.0,2023-08,55,31,-0.20157337415724608
Ridge,10.0,2023-09,86,30,-0.2058597393817645
Ridge,10.0,2023-10,116,31,0.40388204869441147
Ridge,10.0,2023-11,147,30,0.3769322450147311
Ridge,10.0,2023-12,177,31,0.5457988253742132
Ridge,10.0,2024-01,208,31,0.6128067371607506
Ridge,10.0,2024-02,239,29,0.3743321918372986
Ridge,10.0,2024-03,268,31,0.5495101191697638
Ridge,10.0,2024-04,299,30,0.6701786260538386
Ridge,10.0,2024-05,329,31,0.017310599150638373
Ridge,10.0,2024-06,360,30,0.3357252317763395
Ridge,10.0,2024-07,390,31,0.615531900949668
Ridge,10.0,2024-08,421,31,0.819292157392707
Ridge,10.0,2024-09,452,30,0.6833208627266822
Ridge,10.0,2024-10,482,31,0.5844644720020646
Ridge,10.0,2024-11,513,30,0.033707267362425464
Ridge,10.0,2024-12,543,31,0.3869844117152895
Ridge,10.0,2025-01,574,31,0.6834921705262371
Ridge,10.0,2025-02,605,28,0.7307995746820374
Ridge,10.0,2025-03,633,31,0.5658481498917658
Ridge,10.0,2025-04,664,30,0.6687192388297161
Ridge,10.0,2025-05,694,31,0.7953616651046274
Ridge,10.0,2025-06,725,30,0.8436966848270662
Ridge,10.0,2025-07,755,31,0.8132212336373286
Ridge,10.0,2025-08,786,31,0.7222315164501772
Ridge,10.0,2025-09,817,30,0.8067024547534563
Ridge,10.0,2025-10,847,6,0.7600475586585224
Ridge,100.0,2023-08,55,31,0.346711183538986
Ridge,100.0,2023-09,86,30,0.12893365922281574
Ridge,100.0,2023-10,116,31,0.4260076410177376
Ridge,100.0,2023-11,147,30,0.6237491429209949
Ridge,100.0,2023-12,177,31,0.5799686511946083
Ridge,100.0,2024-01,208,31,0.7470608943641106
Ridge,100.0,2024-02,239,29,0.3590716873367714
Ridge,100.0,2024-03,268,31,0.559120747995873
Ridge,100.0,2024-04,299,30,0.7068495580405778
Ridge,100.0,2024-05,329,31,0.10477521524594802
Ridge,100.0,2024-06,360,30,0.3633049729889063
Ridge,100.0,2024-07,390,31,0.6632069381311526
Ridge,100.0,2024-08,421,31,0.8719700615522784
Ridge,100.0,2024-09,452,30,0.7653462044889832
Ridge,100.0,2024-10,482,31,0.6374580226501658
Ridge,100.0,2024-11,513,30,0.11459671123944748
Ridge,100.0,2024-12,543,31,0.4328601889426249
Ridge,100.0,2025-01,574,31,0.6755008960979856
Ridge,100.0,2025-02,605,28,0.743771520929676
Ridge,100.0,2025-03,633,31,0.6003732536929551
Ridge,100.0,2025-04,664,30,0.7433164510934619
Ridge,100.0,2025-05,694,31,0.7932246925218741
Ridge,100.0,2025-06,725,30,0.8414316112230333
Ridge,100.0,2025-07,755,31,0.8351467914641415
Ridge,100.0,2025-08,786,31,0.7733481221125181
Ridge,100.0,2025-09,817,30,0.830813087336125
Ridge,100.0,2025-10,847,6,0.7837051714412551
Ridge,300.0,2023-08,55,31,0.35708898785483223
Ridge,300.0,2023-09,86,30,0.16315017640643092
Ridge,300.0,2023-10,116,31,0.3498734003223364
Ridge,300.0,2023-11,147,30,0.6785427860754534
Ridge,300.0,2023-12,177,31,0.5265547050852659
Ridge,300.0,2024-01,208,31,0.7816258837965753
Ridge,300.0,2024-02,239,29,0.3018857265524264
Ridge,300.0,2024-03,268,31,0.5413574396598246
Ridge,300.0,2024-04,299,30,0.6988327077019851
Ridge,300.0,2024-05,329,31,0.17482411927241115
Ridge,300.0,2024-06,360,30,0.366610995926844
Ridge,300.0,2024-07,390,31,0.6754227869406355
Ridge,300.0,2024-08,421,31,0.8911558790794675
Ridge,300.0,2024-09,452,30,0.8021971659435597
Ridge,300.0,2024-10,482,31,0.6592731624076307
Ridge,300.0,2024-11,513,30,0.18172350605812815
Ridge,300.0,2024-12,543,31,0.4685684103447949
Ridge,300.0,2025-01,574,31,0.6538069227981103
Ridge,300.0,2025-02,605,28,0.7446929391344876
Ridge,300.0,2025-03,633,31,0.6395295184678478
Ridge,300.0,2025-04,664,30,0.7938149662566518
Ridge,300.0,2025-05,694,31,0.7749799537071222
Ridge,300.0,2025-06,725,30,0.8288019934426603
Ridge,300.0,2025-07,755,31,0.8405782370033448
Ridge,300.0,2025-08,786,31,0.821884850680966
Ridge,300.0,2025-09,817,30,0.8497067963051541
Ridge,300.0,2025-10,847,6,0.8215703688780663
Ridge,1000.0,2023-08,55,31,0.17143683978039892
Ridge,1000.0,2023-09,86,30,0.10217270866595929
Ridge,1000.0,2023-10,116,31,0.18969180245431316
Ridge,1000.0,2023-11,147,30,0.501602506311494
Ridge,1000.0,2023-12,177,31,0.3586385802736456
Ridge,1000.0,2024-01,208,31,0.6170972318848206
Ridge,1000.0,2024-02,239,29,0.16228012548115422
Ridge,1000.0,2024-03,268,31,0.4273001852949655
Ridge,1000.0,2024-04,299,30,0.5650684989013559
Ridge,1000.0,2024-05,329,31,0.2098546115919533
Ridge,1000.0,2024-06,360,30,0.32240891410614725
Ridge,1000.0,2024-07,390,31,0.5916076124397898
Ridge,1000.0,2024-08,421,31,0.8069916892126467
Ridge,1000.0,2024-09,452,30,0.7506160711838443
Ridge,1000.0,2024-10,482,31,0.620036553960438
Ridge,1000.0,2024-11,513,30,0.23446899558931766
Ridge,1000.0,2024-12,543,31,0.47562787242244364
Ridge,1000.0,2025-01,574,31,0.5805666978917844
Ridge,1000.0,2025-02,605,28,0.6852722786426455
Ridge,1000.0,2025-03,633,31,0.6732941508811348
Ridge,1000.0,2025-04,664,30,0.8012152368668863
Ridge,1000.0,2025-05,694,31,0.6930552868124358
Ridge,1000.0,2025-06,725,30,0.7611679826609756
Ridge,1000.0,2025-07,755,31,0.7953086833938232
Ridge,1000.0,2025-08,786,31,0.8534416267995669
Ridge,1000.0,2025-09,817,30,0.8349503150238998
Ridge,1000.0,2025-10,847,6,0.8661491687966628
Ridge,3000.0,2023-08,55,31,0.032350605331391113
Ridge,3000.0,2023-09,86,30,0.042034140020529964
Ridge,3000.0,2023-10,116,31,0.06672018201784435
Ridge,3000.0,2023-11,147,30,0.2540328627515678
Ridge,3000.0,2023-12,177,31,0.1768508573180796
Ridge,3000.0,2024-01,208,31,0.3210826211212844
Ridge,3000.0,2024-02,239,29,0.012742888009606435
Ridge,3000.0,2024-03,268,31,0.2276976803495886
Ridge,3000.0,2024-04,299,30,0.323304151605707
Ridge,3000.0,2024-05,329,31,0.13054490238352856
Ridge,3000.0,2024-06,360,30,0.19230063416543608
Ridge,3000.0,2024-07,390,31,0.38356169509747573
Ridge,3000.0,2024-08,421,31,0.5492809101758056
Ridge,3000.0,2024-09,452,30,0.5405132842346038
Ridge,3000.0,2024-10,482,31,0.4506261951269186
Ridge,3000.0,2024-11,513,30,0.1906926684259972
Ridge,3000.0,2024-12,543,31,0.3813831937781661
Ridge,3000.0,2025-01,574,31,0.41504021593902896
Ridge,3000.0,2025-02,605,28,0.4809427528781989
Ridge,3000.0,2025-03,633,31,0.5786347363103764
Ridge,3000.0,2025-04,664,30,0.6891063160301523
Ridge,3000.0,2025-05,694,31,0.510030981056633
Ridge,3000.0,2025-06,725,30,0.5803653739838367
Ridge,3000.0,2025-07,755,31,0.632149716688378
Ridge,3000.0,2025-08,786,31,0.7538066187502274
Ridge,3000.0,2025-09,817,30,0.6919355909942216
Ridge,3000.0,2025-10,847,6,0.7614933199818258
Ridge,10000.0,2023-08,55,31,-0.03544981726628693
Ridge,10000.0,2023-09,86,30,0.009096579011651063
Ridge,10000.0,2023-10,116,31,0.0008636132301492738
Ridge,10000.0,2023-11,147,30,0.09103334024108312
Ridge,10000.0,2023-12,177,31,0.05951909666244004
Ridge,10000.0,2024-01,208,31,0.09264616315179319
Ridge,10000.0,2024-02,239,29,-0.0893368674311501
Ridge,10000.0,2024-03,268,31,0.05010608904568392
Ridge,10000.0,2024-04,299,30,0.10927601057395475
Ridge,10000.0,2024-05,329,31,0.008739209666225878
Ridge,10000.0,2024-06,360,30,0.03830712893073118
Ridge,10000.0,2024-07,390,31,0.1598557058535406
Ridge,10000.0,2024-08,421,31,0.22210021052569584
Ridge,10000.0,2024-09,452,30,0.2507799064453432
Ridge,10000.0,2024-10,482,31,0.2046915440709718
Ridge,10000.0,2024-11,513,30,0.07083151648085417
Ridge,10000.0,2024-12,543,31,0.19693553423917354
Ridge,10000.0,2025-01,574,31,0.1767511004229917
Ridge,10000.0,2025-02,605,28,0.16598378321032647
Ridge,10000.0,2025-03,633,31,0.32146016274634137
Ridge,10000.0,2025-04,664,30,0.412640489246077
Ridge,10000.0,2025-05,694,31,0.25689349037638765
Ridge,10000.0,2025-06,725,30,0.293815648047258
Ridge,10000.0,2025-07,755,31,0.34525973902331564
Ridge,10000.0,2025-08,786,31,0.44777121338091264
Ridge,10000.0,2025-09,817,30,0.3898049940006154
Ridge,10000.0,2025-10,847,6,0.3938103254181472
