timestamp,actual_log_return,predicted_log_return,signal,trade_event,strategy_log_return,strategy_equity,strategy_cumulative_pnl,strategy_drawdown,new_position
2025-10-11 00:00:00+00:00,0.002976192673045955,0.00486005290611221,1.0,True,0.002976192673045955,1.0029806259314455,0.0029806259314455463,0.0,Long
2025-10-12 00:00:00+00:00,0.10699365387249171,-0.0006081521915301457,-1.0,True,-0.10699365387249171,0.901209561083929,-0.09879043891607098,-0.10146862483311081,Short
2025-10-13 00:00:00+00:00,0.046944734265188866,3.401877695144049e-05,1.0,True,0.046944734265188866,0.9445253744337573,-0.05547462556624272,-0.058281536040042825,Long
2025-10-14 00:00:00+00:00,-0.04294739383256848,-0.0008430533954848778,-1.0,True,0.04294739383256848,0.9859739613437492,-0.01402603865625085,-0.01695612472265129,Short
2025-10-15 00:00:00+00:00,-0.04487496622879318,0.0007143176249406386,1.0,True,-0.04487496622879318,0.9427064869762708,-0.0572935130237292,-0.06009501818562002,Long
2025-10-16 00:00:00+00:00,-0.04407251978770297,-0.0006439252421399731,-1.0,True,0.04407251978770297,0.9851830874068875,-0.014816912593112463,-0.017744648365495386,Short
2025-10-18 00:00:00+00:00,0.014925650216675574,0.0021578252773764373,1.0,True,0.014925650216675574,1.0345842631957907,0.034584263195790665,0.0,Long
2025-10-19 00:00:00+00:00,0.03493805136128044,-0.0008782112751973777,-1.0,True,-0.03493805136128044,0.9990620567341327,-0.0009379432658672693,-0.03433476394849777,Short
2025-10-20 00:00:00+00:00,0.022631800460197343,0.0002104223928845769,1.0,True,0.022631800460197343,1.0219304299927108,0.021930429992710776,-0.012230838659765264,Long
2025-10-21 00:00:00+00:00,-0.03269658707633818,-0.001003243205605108,-1.0,True,0.03269658707633818,1.0558963257872662,0.05589632578726622,0.0,Short
2025-10-22 00:00:00+00:00,-0.02932761509451995,0.0038275226306181817,1.0,True,-0.02932761509451995,1.0253790909379235,0.025379090937923454,-0.028901734104046062,Long
2025-11-01 00:00:00+00:00,0.02111692344092283,-0.0011820934409221108,-1.0,True,-0.02111692344092283,0.9800496101587199,-0.01995038984128006,-0.1225511785335619,Short
2025-11-04 00:00:00+00:00,-0.022989518224698833,0.0005141108724887379,1.0,True,-0.022989518224698833,1.1218702029828638,0.12187020298286377,-0.022727272727272707,Long
2025-11-06 00:00:00+00:00,-0.03894297394860741,-0.0011477616971823598,-1.0,True,0.03894297394860741,1.2018935582003791,0.20189355820037913,0.0,Short
2025-11-07 00:00:00+00:00,0.1109405859373122,0.0004966425396842335,1.0,True,0.1109405859373122,1.3429099504080046,0.34290995040800465,0.0,Long
2025-11-11 00:00:00+00:00,-0.06314389558298632,-0.0014047076925978162,-1.0,True,0.06314389558298632,1.4350627393413635,0.4350627393413635,0.0,Short
2025-11-12 00:00:00+00:00,-0.019048194970694474,0.0015026733932184452,1.0,True,-0.019048194970694474,1.4079860838820926,0.40798608388209257,-0.018867924528301883,Long
2025-11-13 00:00:00+00:00,-0.05387298994015175,-0.0013308395415656824,-1.0,True,0.05387298994015175,1.4859188929530571,0.4859188929530571,0.0,Short
2025-11-14 00:00:00+00:00,-0.10086061033497395,0.002183913042293246,1.0,True,-0.10086061033497395,1.3433584087582988,0.3433584087582988,-0.09594095940959413,Long
2025-11-16 00:00:00+00:00,-0.026397471851024812,-0.0012990073068727412,-1.0,True,0.026397471851024812,1.4046257963350346,0.4046257963350346,-0.05470897301565625,Short
2025-11-18 00:00:00+00:00,0.03545731183672942,0.000575843358596015,1.0,True,0.03545731183672942,1.5016714262250328,0.5016714262250328,0.0,Long
2025-11-19 00:00:00+00:00,-0.024897551621727087,-0.0007070409391943728,-1.0,True,0.024897551621727087,1.5395286890710418,0.5395286890710418,0.0,Short
2025-11-20 00:00:00+00:00,-0.06959329179919535,0.00016087296608845386,1.0,True,-0.06959329179919535,1.4360309620746692,0.4360309620746692,-0.0672268907563025,Long
2025-11-22 00:00:00+00:00,0.0024242436115062545,-0.0008140114940955452,-1.0,True,-0.0024242436115062545,1.3293067623541364,0.32930676235413636,-0.1365495350682645,Short
2025-11-28 00:00:00+00:00,-0.01713103993018367,0.0005052844797284782,1.0,True,-0.01713103993018367,1.1458148394146965,0.14581483941469653,-0.2557366111143494,Long
2025-11-29 00:00:00+00:00,-0.013043663192029226,-0.0009138999189936569,-1.0,True,0.013043663192029226,1.1608583602822853,0.16085836028228528,-0.24596510053817044,Short
2025-11-30 00:00:00+00:00,-0.00879126541117077,4.114568870054779e-05,1.0,True,-0.00879126541117077,1.1506976744154818,0.15069767441548176,-0.25256496836715814,Long
2025-12-16 00:00:00+00:00,0.00736199644106904,-0.0007096379016976713,-1.0,True,-0.00736199644106904,1.0237449972740837,0.023744997274083746,-0.33502700888814496,Short
2025-12-18 00:00:00+00:00,-0.0472528848505455,0.0002483753339191533,1.0,True,-0.0472528848505455,1.0240680726183913,0.02406807261839128,-0.33481715547872104,Long
2025-12-19 00:00:00+00:00,0.09969936022308797,-0.0009570718798498881,-1.0,True,-0.09969936022308797,0.9268937299611717,-0.0731062700388283,-0.39793669546979127,Short
2025-12-20 00:00:00+00:00,-0.007326040092072786,8.508126738929005e-05,1.0,True,-0.007326040092072786,0.9201280822972216,-0.07987191770277835,-0.40233131813059564,Long
2025-12-23 00:00:00+00:00,-0.02015181543730793,-0.0010674741062753402,-1.0,True,0.02015181543730793,0.92275055980564,-0.07724944019435998,-0.40062788932992754,Short
2025-12-26 00:00:00+00:00,0.03278982282299097,0.00026499414150245857,1.0,True,0.03278982282299097,0.9608435957360779,-0.039156404263922084,-0.37588457912021433,Long
2025-12-27 00:00:00+00:00,0.04131814933073086,-0.00209803836978682,-1.0,True,-0.04131814933073086,0.9219523073372369,-0.07804769266276312,-0.40114639377487216,Short
2025-12-28 00:00:00+00:00,-0.007168489478612516,0.0006747593224426542,1.0,True,-0.007168489478612516,0.9153669337133995,-0.0846330662866005,-0.4054239195336231,Long
2026-01-13 00:00:00+00:00,0.14006593994551916,-0.0008529367525078957,-1.0,True,-0.14006593994551916,1.0915039937900801,0.09150399379008012,-0.3074650117262575,Short
2026-01-14 00:00:00+00:00,-0.053054562955889395,0.0034223194360664634,1.0,True,-0.053054562955889395,1.0351040913753953,0.035104091375395274,-0.3432494944030161,Long
2026-01-21 00:00:00+00:00,0.02961716970364658,-0.0008898703604681576,-1.0,True,-0.02961716970364658,0.8035953365277511,-0.19640466347224894,-0.49013664620075525,Short
2026-01-26 00:00:00+00:00,0.06387340638076057,0.0008451810531857431,1.0,True,0.06387340638076057,0.9367906269380142,-0.06320937306198582,-0.4056271992292497,Long
2026-01-27 00:00:00+00:00,0.0,-0.002789438118335941,-1.0,True,-0.0,0.9367906269380142,-0.06320937306198582,-0.4056271992292497,Short
2026-01-30 00:00:00+00:00,-0.023530497410194046,0.0008154888485924141,1.0,True,-0.023530497410194046,0.9691699873164707,-0.03083001268352925,-0.38508321580126215,Long
2026-02-04 00:00:00+00:00,0.021661496781179467,-0.00035520215258779547,-1.0,True,-0.021661496781179467,0.8437083252292596,-0.15629167477074035,-0.4646858477446145,Short
2026-02-05 00:00:00+00:00,-0.20544397421480884,0.0011125889257675883,1.0,True,-0.20544397421480884,0.6870196362581114,-0.31298036374188865,-0.5641013331634719,Long
2026-02-07 00:00:00+00:00,-0.012870190520534796,-0.00235276453146354,-1.0,True,0.012870190520534796,0.7956265264580215,-0.20437347354197855,-0.49519267881226514,Short
2026-02-08 00:00:00+00:00,-0.02094317384524325,0.0013672257390485716,1.0,True,-0.02094317384524325,0.7791368575158862,-0.22086314248411376,-0.505655006712529,Long
2026-02-10 00:00:00+00:00,-0.04564550748996038,-0.0025708297802001833,-1.0,True,0.04564550748996038,0.8219975389111545,-0.17800246108884554,-0.47846085840308616,Short
2026-02-11 00:00:00+00:00,-0.019418085857101513,0.0027190711892708776,1.0,True,-0.019418085857101513,0.8061898939320938,-0.19381010606790616,-0.4884904572799499,Long
2026-02-28 00:00:00+00:00,-0.00816331063916087,-0.00039253889082519746,-1.0,True,0.00816331063916087,0.8401189492560024,-0.1598810507439976,-0.4669632269037308,Short
2026-03-02 00:00:00+00:00,0.020086758566737292,0.0009305389442247946,1.0,True,0.020086758566737292,0.9093400921701265,-0.09065990782987354,-0.4230439525180546,Long
2026-03-05 00:00:00+00:00,-0.050430853626891856,-0.0006726006827127212,-1.0,True,0.050430853626891856,0.9944125635673121,-0.005587436432687887,-0.3690673630445771,Short
2026-03-06 00:00:00+00:00,-0.026202372394024072,0.001260072669262689,1.0,True,-0.026202372394024072,0.9686949972681574,-0.03130500273184256,-0.385384586414114,Long
2026-03-08 00:00:00+00:00,-0.02177379954956062,-0.0006019897277728982,-1.0,True,0.02177379954956062,0.9491327534410225,-0.05086724655897745,-0.39779639468646966,Short
2026-03-12 00:00:00+00:00,0.005988041844622693,0.0006090716547419257,1.0,True,0.005988041844622693,0.9118227436812681,-0.08817725631873186,-0.4214687653955722,Long
2026-03-15 00:00:00+00:00,0.02643325706815543,-0.00035369142409471654,-1.0,True,-0.02643325706815543,0.8906869173319529,-0.10931308266804707,-0.4348789767518798,Short
2026-03-17 00:00:00+00:00,-0.08610269905341161,0.002220026068906109,1.0,True,-0.08610269905341161,0.7048395252374077,-0.29516047476259233,-0.5527950102589954,Long
2026-03-24 00:00:00+00:00,0.022923639901937024,-0.001030647398772767,-1.0,True,-0.022923639901937024,0.6475714158237484,-0.35242858417625156,-0.5891303509511847,Short
2026-03-25 00:00:00+00:00,0.002828856200477623,0.0017936952928167974,1.0,True,0.002828856200477623,0.6494058957552605,-0.35059410424473947,-0.5879664142683269,Long
2026-03-26 00:00:00+00:00,-0.040351295523567345,-0.0008188115494054699,-1.0,True,0.040351295523567345,0.6761461385216535,-0.3238538614783465,-0.5710003254440816,Short
2026-03-27 00:00:00+00:00,-0.03593200922606333,0.004985410602505825,1.0,True,-0.03593200922606333,0.6522821571620658,-0.34771784283793417,-0.586141490428408,Long
2026-03-29 00:00:00+00:00,-0.003053437486890343,-0.00025573667133090526,-1.0,True,0.003053437486890343,0.6542769038200538,-0.34572309617994623,-0.5848758680749782,Short
2026-03-30 00:00:00+00:00,0.012158204479809583,0.0002688401309364596,1.0,True,0.012158204479809583,0.6622802910227457,-0.33771970897725434,-0.579797897042256,Long
2026-03-31 00:00:00+00:00,0.02682724223314406,-0.00042030139672525344,-1.0,True,-0.02682724223314406,0.6447493421427318,-0.35525065785726817,-0.5909208938852551,Short
2026-04-03 00:00:00+00:00,0.023669744085904703,0.0012989391826732013,1.0,True,0.023669744085904703,0.6720521845921049,-0.3279478154078951,-0.5735978480850646,Long
2026-04-05 00:00:00+00:00,0.026126304592219998,-7.898187327034199e-05,-1.0,True,-0.026126304592219998,0.6508925462796573,-0.3491074537203427,-0.5870231676019493,Short
2026-04-06 00:00:00+00:00,-0.046929432221983355,0.0005527364065785031,1.0,True,-0.046929432221983355,0.6210522003184122,-0.37894779968158776,-0.605956202898135,Long
2026-04-07 00:00:00+00:00,0.11075136429270285,-0.0003508833925999701,-1.0,True,-0.11075136429270285,0.5559418889947076,-0.44405811100529236,-0.6472672461426854,Short
2026-04-08 00:00:00+00:00,-0.04959694113937206,0.0020018897326207733,1.0,True,-0.04959694113937206,0.5290414750110928,-0.4709585249889072,-0.6643349600390072,Long
2026-04-09 00:00:00+00:00,-0.00851068966790873,-0.0014999194082292188,-1.0,True,0.00851068966790873,0.5335631970197346,-0.46643680298026535,-0.6614660280735285,Short
2026-04-10 00:00:00+00:00,0.033616610798985064,0.00034945584939610405,1.0,True,0.033616610798985064,0.5518046738409221,-0.44819532615907787,-0.6498922170674952,Long
2026-04-15 00:00:00+00:00,0.041158072493507336,-0.0018654740325219853,-1.0,True,-0.041158072493507336,0.5208015186791055,-0.4791984813208945,-0.6695630289184751,Short
2026-04-16 00:00:00+00:00,0.06755815101129109,0.0007982918425845636,1.0,True,0.06755815101129109,0.557201624823344,-0.442798375176656,-0.6464679717998739,Long
2026-04-23 00:00:00+00:00,0.007863736460214451,-0.0005572010117466304,-1.0,True,-0.007863736460214451,0.5278344373597156,-0.4721655626402844,-0.6651007985613564,Short
2026-04-24 00:00:00+00:00,0.010389703849135868,0.0013541157826782316,1.0,True,0.010389703849135868,0.5333470685592949,-0.4666529314407051,-0.6616031567708744,Long
2026-04-25 00:00:00+00:00,-0.005181358741997518,-0.00046536368027194023,-1.0,True,0.005181358741997518,0.5361177026816808,-0.4638822973183192,-0.6598452510917621,Short
2026-04-26 00:00:00+00:00,0.010336009330662073,7.226344737044942e-05,1.0,True,0.010336009330662073,0.5416877567355165,-0.4583122432644835,-0.6563111757784297,Long
2026-05-01 00:00:00+00:00,0.015384918839479237,-0.0022521504013235582,-1.0,True,-0.015384918839479237,0.5306752071176277,-0.4693247928823723,-0.6632983933826516,Short
2026-05-03 00:00:00+00:00,-0.015113637810048071,3.0721267061130635e-05,1.0,True,-0.015113637810048071,0.5135675651281733,-0.48643243487182675,-0.6741528114259784,Long
2026-05-04 00:00:00+00:00,0.010101095986503699,-0.00015709054841689905,-1.0,True,-0.010101095986503699,0.5084060820615586,-0.4915939179384414,-0.6774276575423002,Short
2026-05-05 00:00:00+00:00,0.03214120921179677,0.0021181801686804753,1.0,True,0.03214120921179677,0.5250123108726145,-0.47498768912738554,-0.666891374999712,Long
2026-05-06 00:00:00+00:00,0.012092045765028772,-0.0002974566722697817,-1.0,True,-0.012092045765028772,0.5187020667515493,-0.4812979332484507,-0.6708950844348116,Short
2026-05-08 00:00:00+00:00,0.037829569873049564,0.0002123527553675958,1.0,True,0.037829569873049564,0.5399982915388927,-0.46000170846110733,-0.6573831038398839,Long
2026-05-09 00:00:00+00:00,-0.014018921179331041,-0.0004746868662724316,-1.0,True,0.014018921179331041,0.5476217968312065,-0.4523782031687935,-0.6525461594235056,Short
2026-05-10 00:00:00+00:00,0.03695570652242912,0.0005840095597072251,1.0,True,0.03695570652242912,0.5682381468295578,-0.43176185317044224,-0.6394655442488612,Long
2026-05-12 00:00:00+00:00,-0.04717856027509038,-0.0007233024537550894,-1.0,True,0.04717856027509038,0.5862338798746161,-0.41376612012538394,-0.6280476521987715,Short
2026-05-13 00:00:00+00:00,0.014388737452099452,0.0008320897670650942,1.0,True,0.014388737452099452,0.5947300230612046,-0.4052699769387954,-0.6226570384625219,Long
