date,ticker,factor,open,high,low,close,adj_close,volume
2023-05-01,GC=F,gold_futures,1980.0999755859375,2005.0,1976.9000244140625,1983.4000244140625,1983.4000244140625,210
2023-05-02,GC=F,gold_futures,1994.699951171875,2018.0,1994.699951171875,2014.300048828125,2014.300048828125,1896
2023-05-03,GC=F,gold_futures,2017.0999755859375,2035.0999755859375,2015.199951171875,2028.5999755859375,2028.5999755859375,1349
2023-05-04,GC=F,gold_futures,2045.0,2072.0,2040.0,2048.0,2048.0,930
2023-05-05,GC=F,gold_futures,2046.4000244140625,2046.4000244140625,2004.300048828125,2017.4000244140625,2017.4000244140625,59
2023-05-08,GC=F,gold_futures,2022.5,2026.300048828125,2022.5,2026.300048828125,2026.300048828125,3
2023-05-09,GC=F,gold_futures,2026.5999755859375,2037.300048828125,2025.9000244140625,2036.199951171875,2036.199951171875,241
2023-05-10,GC=F,gold_futures,2032.300048828125,2044.300048828125,2029.5,2030.5,2030.5,248
2023-05-11,GC=F,gold_futures,2034.0999755859375,2038.300048828125,2014.0,2014.699951171875,2014.699951171875,90
2023-05-12,GC=F,gold_futures,2014.5,2014.5,2014.5,2014.5,2014.5,115
2023-05-15,GC=F,gold_futures,2013.800048828125,2018.0,2013.800048828125,2018.0,2018.0,3
2023-05-16,GC=F,gold_futures,1988.4000244140625,1988.4000244140625,1988.4000244140625,1988.4000244140625,1988.4000244140625,49
2023-05-17,GC=F,gold_futures,1983.5999755859375,1983.5999755859375,1980.699951171875,1980.699951171875,1980.699951171875,13
2023-05-18,GC=F,gold_futures,1956.5,1956.800048828125,1956.5,1956.5,1956.5,23
2023-05-19,GC=F,gold_futures,1960.0,1978.699951171875,1960.0,1978.699951171875,1978.699951171875,106
2023-05-22,GC=F,gold_futures,1980.5,1980.5,1974.800048828125,1974.800048828125,1974.800048828125,8
2023-05-23,GC=F,gold_futures,1972.4000244140625,1972.4000244140625,1972.4000244140625,1972.4000244140625,1972.4000244140625,1
2023-05-24,GC=F,gold_futures,1975.4000244140625,1975.4000244140625,1962.800048828125,1962.800048828125,1962.800048828125,189
2023-05-25,GC=F,gold_futures,1943.0999755859375,1943.0999755859375,1943.0999755859375,1943.0999755859375,1943.0999755859375,1
2023-05-26,GC=F,gold_futures,1948.199951171875,1948.4000244140625,1944.0999755859375,1944.0999755859375,1944.0999755859375,166036
2023-05-30,GC=F,gold_futures,1942.699951171875,1962.5999755859375,1931.0,1958.0,1958.0,37838
2023-05-31,GC=F,gold_futures,1958.199951171875,1973.0,1953.0,1963.9000244140625,1963.9000244140625,5959
2023-06-01,GC=F,gold_futures,1963.199951171875,1983.0,1954.300048828125,1978.0,1978.0,750
2023-06-02,GC=F,gold_futures,1977.0999755859375,1982.5,1947.4000244140625,1952.4000244140625,1952.4000244140625,356
2023-06-05,GC=F,gold_futures,1947.5,1961.9000244140625,1937.800048828125,1958.0,1958.0,713
2023-06-06,GC=F,gold_futures,1960.800048828125,1965.5,1958.800048828125,1965.5,1965.5,164
2023-06-07,GC=F,gold_futures,1959.0,1968.4000244140625,1940.699951171875,1942.699951171875,1942.699951171875,139
2023-06-08,GC=F,gold_futures,1943.199951171875,1969.0,1943.0999755859375,1963.5999755859375,1963.5999755859375,433
2023-06-09,GC=F,gold_futures,1965.0999755859375,1969.800048828125,1960.300048828125,1962.199951171875,1962.199951171875,49
2023-06-12,GC=F,gold_futures,1959.699951171875,1963.5,1951.4000244140625,1955.300048828125,1955.300048828125,212
2023-06-13,GC=F,gold_futures,1960.5999755859375,1967.5,1940.300048828125,1944.5999755859375,1944.5999755859375,343
2023-06-14,GC=F,gold_futures,1946.199951171875,1958.199951171875,1940.300048828125,1955.300048828125,1955.300048828125,202
2023-06-15,GC=F,gold_futures,1941.699951171875,1958.800048828125,1926.0,1957.800048828125,1957.800048828125,329
2023-06-16,GC=F,gold_futures,1961.4000244140625,1962.9000244140625,1953.5,1958.4000244140625,1958.4000244140625,119
2023-06-20,GC=F,gold_futures,1958.5999755859375,1958.5999755859375,1931.300048828125,1935.5,1935.5,193
2023-06-21,GC=F,gold_futures,1935.5999755859375,1936.800048828125,1920.0,1933.300048828125,1933.300048828125,557
2023-06-22,GC=F,gold_futures,1920.0,1921.0,1912.0999755859375,1912.699951171875,1912.699951171875,237
2023-06-23,GC=F,gold_futures,1918.699951171875,1932.5,1918.699951171875,1919.0999755859375,1919.0999755859375,105
2023-06-26,GC=F,gold_futures,1922.9000244140625,1928.5,1922.5,1923.699951171875,1923.699951171875,71
2023-06-27,GC=F,gold_futures,1927.0,1929.4000244140625,1914.0,1914.0,1914.0,49
2023-06-28,GC=F,gold_futures,1912.300048828125,1912.300048828125,1912.300048828125,1912.300048828125,1912.300048828125,628
2023-06-29,GC=F,gold_futures,1909.9000244140625,1909.9000244140625,1892.5,1909.199951171875,1909.199951171875,289
2023-06-30,GC=F,gold_futures,1908.5999755859375,1921.0999755859375,1900.5999755859375,1921.0999755859375,1921.0999755859375,445
2023-07-03,GC=F,gold_futures,1917.9000244140625,1929.5,1917.9000244140625,1921.699951171875,1921.699951171875,41
2023-07-05,GC=F,gold_futures,1923.5,1933.9000244140625,1914.699951171875,1919.5999755859375,1919.5999755859375,193
2023-07-06,GC=F,gold_futures,1909.300048828125,1910.199951171875,1903.199951171875,1908.699951171875,1908.699951171875,81
2023-07-07,GC=F,gold_futures,1913.4000244140625,1934.0999755859375,1913.4000244140625,1926.199951171875,1926.199951171875,61
2023-07-10,GC=F,gold_futures,1923.5999755859375,1926.0999755859375,1912.300048828125,1925.0,1925.0,269
2023-07-11,GC=F,gold_futures,1925.0,1937.0,1924.199951171875,1931.300048828125,1931.300048828125,142
2023-07-12,GC=F,gold_futures,1932.300048828125,1958.0,1932.199951171875,1956.199951171875,1956.199951171875,132
2023-07-13,GC=F,gold_futures,1961.0999755859375,1961.0999755859375,1953.0,1959.199951171875,1959.199951171875,121
2023-07-14,GC=F,gold_futures,1958.4000244140625,1960.5999755859375,1952.699951171875,1960.0999755859375,1960.0999755859375,94
2023-07-17,GC=F,gold_futures,1954.0,1956.5,1946.5999755859375,1952.4000244140625,1952.4000244140625,29
2023-07-18,GC=F,gold_futures,1968.800048828125,1978.4000244140625,1963.4000244140625,1977.199951171875,1977.199951171875,83
2023-07-19,GC=F,gold_futures,1977.0,1977.5,1973.0,1977.5,1977.5,35
2023-07-20,GC=F,gold_futures,1973.699951171875,1973.699951171875,1965.5999755859375,1968.300048828125,1968.300048828125,638
2023-07-21,GC=F,gold_futures,1961.800048828125,1964.300048828125,1961.800048828125,1964.300048828125,1964.300048828125,50
2023-07-24,GC=F,gold_futures,1965.300048828125,1965.5,1960.300048828125,1960.300048828125,1960.300048828125,2
2023-07-25,GC=F,gold_futures,1953.0,1962.5,1953.0,1962.0999755859375,1962.0999755859375,19
2023-07-26,GC=F,gold_futures,1966.199951171875,1972.0,1966.199951171875,1968.9000244140625,1968.9000244140625,51
2023-07-27,GC=F,gold_futures,1945.4000244140625,1945.4000244140625,1945.4000244140625,1945.4000244140625,1945.4000244140625,194253
2023-07-28,GC=F,gold_futures,1945.5,1962.199951171875,1944.199951171875,1960.4000244140625,1960.4000244140625,23155
2023-07-31,GC=F,gold_futures,1959.199951171875,1971.5999755859375,1950.0,1970.5,1970.5,1025
2023-08-01,GC=F,gold_futures,1964.9000244140625,1965.4000244140625,1940.699951171875,1940.699951171875,1940.699951171875,688
2023-08-02,GC=F,gold_futures,1948.4000244140625,1953.5999755859375,1933.199951171875,1937.4000244140625,1937.4000244140625,652
2023-08-03,GC=F,gold_futures,1934.199951171875,1936.5,1928.0,1932.0,1932.0,773
2023-08-04,GC=F,gold_futures,1934.9000244140625,1945.0,1920.0,1939.5999755859375,1939.5999755859375,290
2023-08-07,GC=F,gold_futures,1941.0,1941.0,1929.800048828125,1933.5,1933.5,376
2023-08-08,GC=F,gold_futures,1931.699951171875,1933.199951171875,1923.0,1924.0999755859375,1924.0999755859375,555
2023-08-09,GC=F,gold_futures,1925.4000244140625,1928.800048828125,1913.699951171875,1915.4000244140625,1915.4000244140625,451
2023-08-10,GC=F,gold_futures,1921.0999755859375,1927.800048828125,1911.4000244140625,1914.4000244140625,1914.4000244140625,178
2023-08-11,GC=F,gold_futures,1913.0,1916.5999755859375,1911.800048828125,1912.9000244140625,1912.9000244140625,57
2023-08-14,GC=F,gold_futures,1909.300048828125,1912.5999755859375,1903.300048828125,1910.5999755859375,1910.5999755859375,46
2023-08-15,GC=F,gold_futures,1906.0,1907.699951171875,1895.0,1902.5,1902.5,73
2023-08-16,GC=F,gold_futures,1904.5,1904.5,1890.300048828125,1896.0999755859375,1896.0999755859375,22
2023-08-17,GC=F,gold_futures,1893.699951171875,1902.4000244140625,1884.0,1884.0999755859375,1884.0999755859375,245
2023-08-18,GC=F,gold_futures,1891.800048828125,1891.800048828125,1886.0999755859375,1886.0999755859375,1886.0999755859375,19
2023-08-21,GC=F,gold_futures,1893.5999755859375,1893.5999755859375,1893.300048828125,1893.300048828125,1893.300048828125,876
2023-08-22,GC=F,gold_futures,1894.5999755859375,1896.800048828125,1892.800048828125,1896.4000244140625,1896.4000244140625,46
2023-08-23,GC=F,gold_futures,1909.5999755859375,1918.5,1909.5999755859375,1918.5,1918.5,547
2023-08-24,GC=F,gold_futures,1920.0,1920.800048828125,1918.199951171875,1918.199951171875,1918.199951171875,337
2023-08-25,GC=F,gold_futures,1919.800048828125,1919.800048828125,1911.0999755859375,1911.0999755859375,1911.0999755859375,195
2023-08-28,GC=F,gold_futures,1915.5,1921.5,1915.5,1917.9000244140625,1917.9000244140625,99
2023-08-29,GC=F,gold_futures,1917.9000244140625,1936.5,1916.9000244140625,1936.5,1936.5,1674
2023-08-30,GC=F,gold_futures,1936.0,1946.4000244140625,1934.5999755859375,1944.300048828125,1944.300048828125,396
2023-08-31,GC=F,gold_futures,1944.4000244140625,1944.4000244140625,1938.199951171875,1938.199951171875,1938.199951171875,491
2023-09-01,GC=F,gold_futures,1950.0,1950.0,1936.5999755859375,1939.800048828125,1939.800048828125,167
2023-09-05,GC=F,gold_futures,1934.4000244140625,1934.4000244140625,1924.699951171875,1926.199951171875,1926.199951171875,113
2023-09-06,GC=F,gold_futures,1924.0999755859375,1925.300048828125,1916.300048828125,1918.0999755859375,1918.0999755859375,24
2023-09-07,GC=F,gold_futures,1917.5999755859375,1921.5,1917.5,1917.5,1917.5,41
2023-09-08,GC=F,gold_futures,1924.0,1924.699951171875,1918.4000244140625,1918.4000244140625,1918.4000244140625,105
2023-09-11,GC=F,gold_futures,1923.0,1928.300048828125,1921.800048828125,1923.300048828125,1923.300048828125,50
2023-09-12,GC=F,gold_futures,1920.800048828125,1920.800048828125,1911.300048828125,1911.300048828125,1911.300048828125,365
2023-09-13,GC=F,gold_futures,1910.300048828125,1914.5999755859375,1908.9000244140625,1909.0999755859375,1909.0999755859375,15
2023-09-14,GC=F,gold_futures,1903.0,1910.0,1903.0,1910.0,1910.0,169
2023-09-15,GC=F,gold_futures,1923.5,1927.300048828125,1923.5,1923.699951171875,1923.699951171875,8
2023-09-18,GC=F,gold_futures,1928.199951171875,1931.5,1926.4000244140625,1931.5,1931.5,19
2023-09-19,GC=F,gold_futures,1934.0,1934.0,1932.0,1932.0,1932.0,6
2023-09-20,GC=F,gold_futures,1945.5999755859375,1945.5999755859375,1929.199951171875,1945.5999755859375,1945.5999755859375,119
2023-09-21,GC=F,gold_futures,1924.0,1924.0,1919.199951171875,1919.199951171875,1919.199951171875,9
2023-09-22,GC=F,gold_futures,1925.4000244140625,1925.4000244140625,1925.4000244140625,1925.4000244140625,1925.4000244140625,1
2023-09-25,GC=F,gold_futures,1916.5999755859375,1916.5999755859375,1916.5999755859375,1916.5999755859375,1916.5999755859375,114
2023-09-26,GC=F,gold_futures,1905.0,1905.0999755859375,1900.4000244140625,1900.4000244140625,1900.4000244140625,161
2023-09-27,GC=F,gold_futures,1871.5999755859375,1871.5999755859375,1871.5999755859375,1871.5999755859375,1871.5999755859375,12251
2023-09-28,GC=F,gold_futures,1875.5,1878.199951171875,1856.699951171875,1860.4000244140625,1860.4000244140625,4654
2023-09-29,GC=F,gold_futures,1864.300048828125,1872.300048828125,1846.0,1848.0999755859375,1848.0999755859375,1605
2023-10-02,GC=F,gold_futures,1844.0999755859375,1845.9000244140625,1826.699951171875,1830.0,1830.0,2309
2023-10-03,GC=F,gold_futures,1825.0,1830.9000244140625,1816.800048828125,1824.5999755859375,1824.5999755859375,310
2023-10-04,GC=F,gold_futures,1821.800048828125,1828.199951171875,1816.4000244140625,1818.5,1818.5,357
2023-10-05,GC=F,gold_futures,1826.300048828125,1826.300048828125,1815.5999755859375,1816.5999755859375,1816.5999755859375,393
2023-10-06,GC=F,gold_futures,1819.0,1831.800048828125,1809.4000244140625,1830.199951171875,1830.199951171875,390
2023-10-09,GC=F,gold_futures,1842.5,1861.5,1842.5,1849.5,1849.5,232
2023-10-10,GC=F,gold_futures,1857.0,1861.4000244140625,1852.800048828125,1861.0,1861.0,236
2023-10-11,GC=F,gold_futures,1869.5,1874.5999755859375,1869.0999755859375,1872.800048828125,1872.800048828125,65
2023-10-12,GC=F,gold_futures,1874.699951171875,1881.199951171875,1867.0,1869.300048828125,1869.300048828125,46
2023-10-13,GC=F,gold_futures,1877.5,1930.0999755859375,1877.5,1927.4000244140625,1927.4000244140625,43
2023-10-16,GC=F,gold_futures,1910.4000244140625,1921.0999755859375,1910.300048828125,1921.0999755859375,1921.0999755859375,53
2023-10-17,GC=F,gold_futures,1914.300048828125,1925.800048828125,1914.300048828125,1922.699951171875,1922.699951171875,103
2023-10-18,GC=F,gold_futures,1935.0,1957.9000244140625,1935.0,1955.300048828125,1955.300048828125,67
2023-10-19,GC=F,gold_futures,1950.0999755859375,1977.699951171875,1945.699951171875,1968.4000244140625,1968.4000244140625,1945
2023-10-20,GC=F,gold_futures,1981.0999755859375,1988.5999755859375,1980.4000244140625,1982.5,1982.5,557
2023-10-23,GC=F,gold_futures,1976.199951171875,1978.9000244140625,1972.9000244140625,1976.300048828125,1976.300048828125,127
2023-10-24,GC=F,gold_futures,1970.300048828125,1975.0,1970.300048828125,1975.0,1975.0,10
2023-10-25,GC=F,gold_futures,1971.199951171875,1985.300048828125,1971.199951171875,1984.0999755859375,1984.0999755859375,97
2023-10-26,GC=F,gold_futures,1988.199951171875,1988.199951171875,1980.4000244140625,1987.199951171875,1987.199951171875,521
2023-10-27,GC=F,gold_futures,1988.5999755859375,1988.5999755859375,1988.5999755859375,1988.5999755859375,1988.5999755859375,372
2023-10-30,GC=F,gold_futures,2004.0999755859375,2004.0999755859375,1992.5,1996.199951171875,1996.199951171875,157
2023-10-31,GC=F,gold_futures,1996.5,2001.0,1983.699951171875,1985.199951171875,1985.199951171875,84
2023-11-01,GC=F,gold_futures,1990.5,1990.5,1977.800048828125,1978.800048828125,1978.800048828125,41
2023-11-02,GC=F,gold_futures,1989.0999755859375,1990.300048828125,1979.5,1985.5999755859375,1985.5999755859375,39
2023-11-03,GC=F,gold_futures,1989.0,1991.5,1989.0,1991.5,1991.5,12
2023-11-06,GC=F,gold_futures,1981.5999755859375,1981.5999755859375,1977.4000244140625,1981.5999755859375,1981.5999755859375,130
2023-11-07,GC=F,gold_futures,1966.5,1966.800048828125,1960.699951171875,1966.800048828125,1966.800048828125,20
2023-11-08,GC=F,gold_futures,1967.800048828125,1967.800048828125,1947.699951171875,1951.5,1951.5,43
2023-11-09,GC=F,gold_futures,1951.699951171875,1964.199951171875,1945.300048828125,1964.199951171875,1964.199951171875,10
2023-11-10,GC=F,gold_futures,1959.5999755859375,1959.5999755859375,1932.5999755859375,1932.5999755859375,1932.5999755859375,375
2023-11-13,GC=F,gold_futures,1939.9000244140625,1947.199951171875,1934.0,1945.5,1945.5,191
2023-11-14,GC=F,gold_futures,1965.800048828125,1965.800048828125,1961.800048828125,1961.800048828125,1961.800048828125,2
2023-11-15,GC=F,gold_futures,1962.800048828125,1962.800048828125,1960.0,1960.0999755859375,1960.0999755859375,6
2023-11-16,GC=F,gold_futures,1965.300048828125,1983.9000244140625,1964.5999755859375,1983.9000244140625,1983.9000244140625,39
2023-11-17,GC=F,gold_futures,1982.5,1984.0,1979.800048828125,1981.5999755859375,1981.5999755859375,32
2023-11-20,GC=F,gold_futures,1978.699951171875,1979.4000244140625,1969.699951171875,1977.699951171875,1977.699951171875,182
2023-11-21,GC=F,gold_futures,1990.699951171875,2005.5,1988.5,1999.300048828125,1999.300048828125,16
2023-11-22,GC=F,gold_futures,1999.0999755859375,1999.4000244140625,1991.0,1991.4000244140625,1991.4000244140625,6075
2023-11-24,GC=F,gold_futures,1991.9000244140625,2002.199951171875,1991.5,2002.199951171875,2002.199951171875,63
2023-11-27,GC=F,gold_futures,2011.699951171875,2011.800048828125,2011.699951171875,2011.800048828125,2011.800048828125,228
2023-11-28,GC=F,gold_futures,2040.5999755859375,2042.699951171875,2039.699951171875,2039.699951171875,2039.699951171875,174665
2023-11-29,GC=F,gold_futures,2041.699951171875,2052.10009765625,2036.0,2047.0999755859375,2047.0999755859375,15290
2023-11-30,GC=F,gold_futures,2046.0999755859375,2047.0999755859375,2033.0999755859375,2038.0999755859375,2038.0999755859375,2506
2023-12-01,GC=F,gold_futures,2038.300048828125,2073.199951171875,2036.0,2071.0,2071.0,614
2023-12-04,GC=F,gold_futures,2075.300048828125,2130.199951171875,2021.0,2024.0999755859375,2024.0999755859375,1071
2023-12-05,GC=F,gold_futures,2035.0999755859375,2037.0,2010.199951171875,2018.5,2018.5,289
2023-12-06,GC=F,gold_futures,2019.9000244140625,2035.800048828125,2019.0,2030.5,2030.5,417
2023-12-07,GC=F,gold_futures,2029.199951171875,2034.9000244140625,2024.0,2029.9000244140625,2029.9000244140625,67
2023-12-08,GC=F,gold_futures,2031.699951171875,2033.0999755859375,1995.0,1998.300048828125,1998.300048828125,449
2023-12-11,GC=F,gold_futures,2004.0999755859375,2004.199951171875,1977.199951171875,1978.0,1978.0,651
2023-12-12,GC=F,gold_futures,1984.199951171875,1994.199951171875,1977.800048828125,1977.800048828125,1977.800048828125,95
2023-12-13,GC=F,gold_futures,1978.5,2024.800048828125,1975.0,1982.300048828125,1982.300048828125,2252
2023-12-14,GC=F,gold_futures,2024.699951171875,2040.0999755859375,2024.300048828125,2030.199951171875,2030.199951171875,236
2023-12-15,GC=F,gold_futures,2032.5999755859375,2043.4000244140625,2018.300048828125,2021.0999755859375,2021.0999755859375,261
2023-12-18,GC=F,gold_futures,2024.300048828125,2032.800048828125,2024.0,2026.300048828125,2026.300048828125,100
2023-12-19,GC=F,gold_futures,2025.199951171875,2042.699951171875,2025.199951171875,2038.4000244140625,2038.4000244140625,498
2023-12-20,GC=F,gold_futures,2037.0999755859375,2037.0999755859375,2030.300048828125,2034.5,2034.5,258
2023-12-21,GC=F,gold_futures,2035.800048828125,2044.5,2033.0,2039.0999755859375,2039.0999755859375,228
2023-12-22,GC=F,gold_futures,2055.699951171875,2068.699951171875,2052.199951171875,2057.10009765625,2057.10009765625,202
2023-12-26,GC=F,gold_futures,2060.0,2060.800048828125,2054.199951171875,2058.199951171875,2058.199951171875,64
2023-12-27,GC=F,gold_futures,2067.300048828125,2081.89990234375,2064.800048828125,2081.89990234375,2081.89990234375,586
2023-12-28,GC=F,gold_futures,2081.60009765625,2087.300048828125,2066.5,2073.89990234375,2073.89990234375,338
2023-12-29,GC=F,gold_futures,2068.0,2068.89990234375,2062.10009765625,2062.39990234375,2062.39990234375,47
2024-01-02,GC=F,gold_futures,2063.5,2073.699951171875,2057.10009765625,2064.39990234375,2064.39990234375,61
2024-01-03,GC=F,gold_futures,2034.199951171875,2044.0,2034.199951171875,2034.199951171875,2034.199951171875,54
2024-01-04,GC=F,gold_futures,2041.5999755859375,2044.5,2038.0,2042.300048828125,2042.300048828125,88
2024-01-05,GC=F,gold_futures,2044.5,2048.10009765625,2042.4000244140625,2042.4000244140625,2042.4000244140625,12
2024-01-08,GC=F,gold_futures,2019.0999755859375,2033.699951171875,2019.0999755859375,2026.5999755859375,2026.5999755859375,10
2024-01-09,GC=F,gold_futures,2035.800048828125,2035.800048828125,2026.4000244140625,2026.4000244140625,2026.4000244140625,27
2024-01-10,GC=F,gold_futures,2029.0,2035.5999755859375,2021.699951171875,2021.699951171875,2021.699951171875,538
2024-01-11,GC=F,gold_futures,2025.0999755859375,2025.0999755859375,2014.300048828125,2014.300048828125,2014.300048828125,97
2024-01-12,GC=F,gold_futures,2031.0999755859375,2057.0,2031.0999755859375,2046.699951171875,2046.699951171875,390
2024-01-16,GC=F,gold_futures,2051.699951171875,2054.800048828125,2026.0,2026.0,2026.0,46
2024-01-17,GC=F,gold_futures,2026.5,2026.5,2002.5999755859375,2002.5999755859375,2002.5999755859375,764
2024-01-18,GC=F,gold_futures,2012.800048828125,2018.5999755859375,2009.5,2018.5999755859375,2018.5999755859375,1474
2024-01-19,GC=F,gold_futures,2023.199951171875,2036.0,2019.5,2026.5,2026.5,50
2024-01-22,GC=F,gold_futures,2021.300048828125,2021.300048828125,2019.800048828125,2019.800048828125,2019.800048828125,12
2024-01-23,GC=F,gold_futures,2030.300048828125,2030.300048828125,2022.5,2023.699951171875,2023.699951171875,15
2024-01-24,GC=F,gold_futures,2023.199951171875,2033.199951171875,2013.9000244140625,2013.9000244140625,2013.9000244140625,253
2024-01-25,GC=F,gold_futures,2012.0999755859375,2022.4000244140625,2012.0999755859375,2016.9000244140625,2016.9000244140625,548
2024-01-26,GC=F,gold_futures,2021.699951171875,2022.4000244140625,2016.800048828125,2016.800048828125,2016.800048828125,49
2024-01-29,GC=F,gold_futures,2025.199951171875,2025.199951171875,2025.199951171875,2025.199951171875,2025.199951171875,150708
2024-01-30,GC=F,gold_futures,2032.5,2048.5,2028.0999755859375,2031.5,2031.5,26907
2024-01-31,GC=F,gold_futures,2035.4000244140625,2055.0,2030.0,2048.39990234375,2048.39990234375,2007
2024-02-01,GC=F,gold_futures,2040.199951171875,2064.5,2029.0,2053.0,2053.0,947
2024-02-02,GC=F,gold_futures,2054.800048828125,2055.89990234375,2027.699951171875,2036.0999755859375,2036.0999755859375,888
2024-02-05,GC=F,gold_futures,2038.9000244140625,2040.800048828125,2013.800048828125,2025.699951171875,2025.699951171875,412
2024-02-06,GC=F,gold_futures,2025.9000244140625,2037.300048828125,2025.9000244140625,2034.5,2034.5,249
2024-02-07,GC=F,gold_futures,2032.800048828125,2039.5,2032.699951171875,2035.199951171875,2035.199951171875,71
2024-02-08,GC=F,gold_futures,2028.0,2036.699951171875,2020.300048828125,2032.199951171875,2032.199951171875,341
2024-02-09,GC=F,gold_futures,2032.0,2032.0,2020.0,2023.300048828125,2023.300048828125,62
2024-02-12,GC=F,gold_futures,2025.5,2025.5,2011.5999755859375,2018.199951171875,2018.199951171875,317
2024-02-13,GC=F,gold_futures,2025.0999755859375,2025.800048828125,1990.0,1992.9000244140625,1992.9000244140625,198
2024-02-14,GC=F,gold_futures,1990.300048828125,1993.5,1984.800048828125,1990.300048828125,1990.300048828125,1916
2024-02-15,GC=F,gold_futures,1993.5999755859375,2007.199951171875,1993.5999755859375,2002.0999755859375,2002.0999755859375,286
2024-02-16,GC=F,gold_futures,2005.0,2011.5,1996.5,2011.5,2011.5,32
2024-02-20,GC=F,gold_futures,2015.5999755859375,2029.0,2015.5999755859375,2027.5,2027.5,1326
2024-02-21,GC=F,gold_futures,2028.199951171875,2028.199951171875,2022.300048828125,2022.300048828125,2022.300048828125,15
2024-02-22,GC=F,gold_futures,2033.199951171875,2033.199951171875,2019.699951171875,2019.699951171875,2019.699951171875,964
2024-02-23,GC=F,gold_futures,2026.0,2038.5999755859375,2014.9000244140625,2038.5999755859375,2038.5999755859375,22
2024-02-26,GC=F,gold_futures,2034.0999755859375,2035.4000244140625,2024.800048828125,2028.5,2028.5,143
2024-02-27,GC=F,gold_futures,2035.9000244140625,2035.9000244140625,2034.0,2034.0,2034.0,964
2024-02-28,GC=F,gold_futures,2029.5,2037.0,2024.800048828125,2033.0,2033.0,581
2024-02-29,GC=F,gold_futures,2034.300048828125,2049.800048828125,2034.300048828125,2045.699951171875,2045.699951171875,706
2024-03-01,GC=F,gold_futures,2043.0999755859375,2086.89990234375,2041.800048828125,2086.89990234375,2086.89990234375,1210
2024-03-04,GC=F,gold_futures,2083.60009765625,2119.800048828125,2080.699951171875,2117.699951171875,2117.699951171875,805
2024-03-05,GC=F,gold_futures,2114.89990234375,2133.5,2111.39990234375,2133.5,2133.5,1287
2024-03-06,GC=F,gold_futures,2125.5,2150.300048828125,2125.5,2150.300048828125,2150.300048828125,443
2024-03-07,GC=F,gold_futures,2147.0,2163.0,2147.0,2158.0,2158.0,152
2024-03-08,GC=F,gold_futures,2167.300048828125,2194.89990234375,2166.300048828125,2178.60009765625,2178.60009765625,259
2024-03-11,GC=F,gold_futures,2181.0,2184.0,2177.199951171875,2182.5,2182.5,738
2024-03-12,GC=F,gold_futures,2182.5,2182.699951171875,2160.39990234375,2160.39990234375,2160.39990234375,550
2024-03-13,GC=F,gold_futures,2162.5,2175.39990234375,2162.5,2175.39990234375,2175.39990234375,20
2024-03-14,GC=F,gold_futures,2163.0,2163.0,2162.300048828125,2163.0,2163.0,515
2024-03-15,GC=F,gold_futures,2161.699951171875,2161.699951171875,2157.300048828125,2157.300048828125,2157.300048828125,100
2024-03-18,GC=F,gold_futures,2146.199951171875,2160.699951171875,2146.199951171875,2160.699951171875,2160.699951171875,21
2024-03-19,GC=F,gold_futures,2156.10009765625,2156.300048828125,2156.10009765625,2156.300048828125,2156.300048828125,12
2024-03-20,GC=F,gold_futures,2157.300048828125,2185.89990234375,2150.89990234375,2157.89990234375,2157.89990234375,17
2024-03-21,GC=F,gold_futures,2207.0,2211.60009765625,2182.39990234375,2182.39990234375,2182.39990234375,63
2024-03-22,GC=F,gold_futures,2179.199951171875,2179.60009765625,2157.5,2158.10009765625,2158.10009765625,19
2024-03-25,GC=F,gold_futures,2166.199951171875,2179.39990234375,2166.199951171875,2174.800048828125,2174.800048828125,79
2024-03-26,GC=F,gold_futures,2182.699951171875,2182.699951171875,2175.60009765625,2175.60009765625,2175.60009765625,202373
2024-03-27,GC=F,gold_futures,2179.39990234375,2196.199951171875,2172.10009765625,2190.60009765625,2190.60009765625,31200
2024-03-28,GC=F,gold_futures,2193.60009765625,2234.10009765625,2187.10009765625,2217.39990234375,2217.39990234375,2040
2024-04-01,GC=F,gold_futures,2235.699951171875,2264.199951171875,2230.0,2236.5,2236.5,400
2024-04-02,GC=F,gold_futures,2252.0,2279.199951171875,2247.60009765625,2261.0,2261.0,435
2024-04-03,GC=F,gold_futures,2281.699951171875,2298.800048828125,2267.89990234375,2294.39990234375,2294.39990234375,285
2024-04-04,GC=F,gold_futures,2301.699951171875,2302.89990234375,2280.0,2288.800048828125,2288.800048828125,251
2024-04-05,GC=F,gold_futures,2289.199951171875,2328.39990234375,2267.39990234375,2325.699951171875,2325.699951171875,344
2024-04-08,GC=F,gold_futures,2325.60009765625,2341.800048828125,2319.0,2331.699951171875,2331.699951171875,202
2024-04-09,GC=F,gold_futures,2337.800048828125,2364.699951171875,2337.800048828125,2343.5,2343.5,211
2024-04-10,GC=F,gold_futures,2346.60009765625,2358.10009765625,2327.699951171875,2329.60009765625,2329.60009765625,377
2024-04-11,GC=F,gold_futures,2341.5,2376.300048828125,2330.60009765625,2354.800048828125,2354.800048828125,283
2024-04-12,GC=F,gold_futures,2377.300048828125,2429.0,2334.300048828125,2356.199951171875,2356.199951171875,584
2024-04-15,GC=F,gold_futures,2362.10009765625,2384.699951171875,2326.0,2365.800048828125,2365.800048828125,1801
2024-04-16,GC=F,gold_futures,2384.0,2390.800048828125,2371.39990234375,2390.800048828125,2390.800048828125,41
2024-04-17,GC=F,gold_futures,2384.199951171875,2391.39990234375,2369.300048828125,2371.699951171875,2371.699951171875,37
2024-04-18,GC=F,gold_futures,2368.39990234375,2384.39990234375,2368.39990234375,2382.300048828125,2382.300048828125,128
2024-04-19,GC=F,gold_futures,2379.300048828125,2399.800048828125,2377.300048828125,2398.39990234375,2398.39990234375,160
2024-04-22,GC=F,gold_futures,2383.300048828125,2383.300048828125,2326.89990234375,2332.199951171875,2332.199951171875,53
2024-04-23,GC=F,gold_futures,2327.699951171875,2330.800048828125,2294.199951171875,2327.699951171875,2327.699951171875,171
2024-04-24,GC=F,gold_futures,2321.300048828125,2328.699951171875,2314.60009765625,2324.5,2324.5,95
2024-04-25,GC=F,gold_futures,2315.0,2329.800048828125,2305.0,2329.800048828125,2329.800048828125,1024
2024-04-26,GC=F,gold_futures,2347.89990234375,2347.89990234375,2332.800048828125,2334.800048828125,2334.800048828125,717
2024-04-29,GC=F,gold_futures,2334.800048828125,2345.5,2327.89990234375,2345.39990234375,2345.39990234375,405
2024-04-30,GC=F,gold_futures,2322.5,2322.5,2291.39990234375,2291.39990234375,2291.39990234375,113
2024-05-01,GC=F,gold_futures,2287.699951171875,2327.300048828125,2283.800048828125,2299.89990234375,2299.89990234375,42
2024-05-02,GC=F,gold_futures,2321.699951171875,2324.699951171875,2292.300048828125,2299.199951171875,2299.199951171875,56
2024-05-03,GC=F,gold_futures,2300.0,2301.0,2277.60009765625,2299.0,2299.0,194
2024-05-06,GC=F,gold_futures,2322.800048828125,2325.5,2314.199951171875,2321.60009765625,2321.60009765625,9
2024-05-07,GC=F,gold_futures,2324.300048828125,2324.300048828125,2315.199951171875,2315.199951171875,2315.199951171875,25
2024-05-08,GC=F,gold_futures,2313.60009765625,2313.60009765625,2313.60009765625,2313.60009765625,2313.60009765625,4
2024-05-09,GC=F,gold_futures,2310.699951171875,2339.5,2310.699951171875,2332.10009765625,2332.10009765625,5
2024-05-10,GC=F,gold_futures,2367.300048828125,2367.300048828125,2367.300048828125,2367.300048828125,2367.300048828125,126
2024-05-13,GC=F,gold_futures,2358.300048828125,2358.300048828125,2336.10009765625,2336.10009765625,2336.10009765625,14
2024-05-14,GC=F,gold_futures,2336.0,2358.0,2336.0,2353.39990234375,2353.39990234375,6
2024-05-15,GC=F,gold_futures,2361.60009765625,2388.699951171875,2356.0,2388.699951171875,2388.699951171875,29
2024-05-16,GC=F,gold_futures,2389.5,2392.199951171875,2380.0,2380.0,2380.0,7
2024-05-17,GC=F,gold_futures,2380.699951171875,2415.800048828125,2380.699951171875,2412.199951171875,2412.199951171875,213
2024-05-20,GC=F,gold_futures,2415.800048828125,2435.800048828125,2409.699951171875,2433.89990234375,2433.89990234375,40
2024-05-21,GC=F,gold_futures,2429.5,2429.5,2421.0,2421.699951171875,2421.699951171875,6
2024-05-22,GC=F,gold_futures,2417.5,2417.60009765625,2375.800048828125,2389.199951171875,2389.199951171875,180
2024-05-23,GC=F,gold_futures,2371.199951171875,2371.199951171875,2335.0,2335.0,2335.0,365
2024-05-24,GC=F,gold_futures,2342.60009765625,2345.39990234375,2332.5,2332.5,2332.5,25
2024-05-28,GC=F,gold_futures,2336.89990234375,2359.699951171875,2336.89990234375,2355.199951171875,2355.199951171875,26
2024-05-29,GC=F,gold_futures,2340.300048828125,2340.300048828125,2340.300048828125,2340.300048828125,2340.300048828125,119317
2024-05-30,GC=F,gold_futures,2336.89990234375,2349.5,2320.800048828125,2342.89990234375,2342.89990234375,32587
2024-05-31,GC=F,gold_futures,2344.10009765625,2354.0,2319.0,2322.89990234375,2322.89990234375,941
2024-06-03,GC=F,gold_futures,2322.60009765625,2347.5,2312.0,2346.60009765625,2346.60009765625,781
2024-06-04,GC=F,gold_futures,2347.5,2347.699951171875,2313.89990234375,2325.5,2325.5,890
2024-06-05,GC=F,gold_futures,2326.39990234375,2354.300048828125,2326.199951171875,2354.10009765625,2354.10009765625,295
2024-06-06,GC=F,gold_futures,2355.0,2375.800048828125,2355.0,2370.300048828125,2370.300048828125,179
2024-06-07,GC=F,gold_futures,2379.89990234375,2385.10009765625,2285.39990234375,2305.199951171875,2305.199951171875,269
2024-06-10,GC=F,gold_futures,2290.60009765625,2309.300048828125,2290.5,2307.699951171875,2307.699951171875,69
2024-06-11,GC=F,gold_futures,2300.0,2314.10009765625,2300.0,2307.5,2307.5,871
2024-06-12,GC=F,gold_futures,2314.89990234375,2338.699951171875,2310.300048828125,2336.0,2336.0,132
2024-06-13,GC=F,gold_futures,2309.39990234375,2317.699951171875,2296.199951171875,2300.199951171875,2300.199951171875,298
2024-06-14,GC=F,gold_futures,2307.0,2331.39990234375,2305.800048828125,2331.39990234375,2331.39990234375,948
2024-06-17,GC=F,gold_futures,2320.199951171875,2320.199951171875,2309.60009765625,2312.39990234375,2312.39990234375,110
2024-06-18,GC=F,gold_futures,2311.800048828125,2330.39990234375,2311.800048828125,2330.39990234375,2330.39990234375,43
2024-06-20,GC=F,gold_futures,2328.89990234375,2354.0,2328.300048828125,2353.800048828125,2353.800048828125,183
2024-06-21,GC=F,gold_futures,2331.199951171875,2331.199951171875,2316.39990234375,2316.39990234375,2316.39990234375,76
2024-06-24,GC=F,gold_futures,2323.300048828125,2332.89990234375,2322.699951171875,2330.0,2330.0,99
2024-06-25,GC=F,gold_futures,2324.39990234375,2333.0,2316.60009765625,2316.60009765625,2316.60009765625,105
2024-06-26,GC=F,gold_futures,2307.89990234375,2314.39990234375,2298.0,2299.199951171875,2299.199951171875,986
2024-06-27,GC=F,gold_futures,2296.800048828125,2329.0,2295.0,2324.5,2324.5,1532
2024-06-28,GC=F,gold_futures,2325.39990234375,2338.300048828125,2319.0,2327.699951171875,2327.699951171875,92
2024-07-01,GC=F,gold_futures,2323.800048828125,2329.699951171875,2321.699951171875,2327.60009765625,2327.60009765625,237
2024-07-02,GC=F,gold_futures,2330.699951171875,2334.60009765625,2323.0,2323.0,2323.0,30
2024-07-03,GC=F,gold_futures,2330.89990234375,2361.60009765625,2330.89990234375,2359.800048828125,2359.800048828125,59
2024-07-05,GC=F,gold_futures,2354.89990234375,2388.5,2354.89990234375,2388.5,2388.5,72
2024-07-08,GC=F,gold_futures,2381.699951171875,2383.800048828125,2352.800048828125,2355.199951171875,2355.199951171875,64
2024-07-09,GC=F,gold_futures,2363.10009765625,2363.699951171875,2360.10009765625,2360.10009765625,2360.10009765625,9
2024-07-10,GC=F,gold_futures,2366.300048828125,2377.0,2365.800048828125,2372.199951171875,2372.199951171875,19
2024-07-11,GC=F,gold_futures,2378.699951171875,2416.699951171875,2378.699951171875,2415.0,2415.0,72
2024-07-12,GC=F,gold_futures,2399.800048828125,2414.0,2391.300048828125,2414.0,2414.0,355
2024-07-15,GC=F,gold_futures,2430.0,2436.0,2422.89990234375,2422.89990234375,2422.89990234375,540
2024-07-16,GC=F,gold_futures,2427.39990234375,2462.39990234375,2427.39990234375,2462.39990234375,2462.39990234375,93
2024-07-17,GC=F,gold_futures,2472.89990234375,2473.10009765625,2454.800048828125,2454.800048828125,2454.800048828125,10
2024-07-18,GC=F,gold_futures,2466.0,2466.0,2451.800048828125,2451.800048828125,2451.800048828125,2
2024-07-19,GC=F,gold_futures,2418.800048828125,2419.199951171875,2395.5,2395.5,2395.5,15
2024-07-22,GC=F,gold_futures,2402.10009765625,2402.10009765625,2392.0,2392.0,2392.0,18
2024-07-23,GC=F,gold_futures,2395.800048828125,2404.60009765625,2388.699951171875,2404.60009765625,2404.60009765625,41
2024-07-24,GC=F,gold_futures,2421.0,2421.0,2411.60009765625,2413.300048828125,2413.300048828125,6
2024-07-25,GC=F,gold_futures,2365.5,2365.5,2351.89990234375,2351.89990234375,2351.89990234375,31
2024-07-26,GC=F,gold_futures,2368.699951171875,2386.89990234375,2368.699951171875,2380.0,2380.0,95
2024-07-29,GC=F,gold_futures,2377.300048828125,2377.300048828125,2377.300048828125,2377.300048828125,2377.300048828125,126409
2024-07-30,GC=F,gold_futures,2380.89990234375,2409.300048828125,2373.800048828125,2405.0,2405.0,25944
2024-07-31,GC=F,gold_futures,2407.10009765625,2447.60009765625,2402.800048828125,2426.5,2426.5,1313
2024-08-01,GC=F,gold_futures,2446.699951171875,2455.10009765625,2430.39990234375,2435.0,2435.0,690
2024-08-02,GC=F,gold_futures,2444.0,2477.0,2416.0,2425.699951171875,2425.699951171875,550
2024-08-05,GC=F,gold_futures,2442.0,2449.800048828125,2367.39990234375,2401.699951171875,2401.699951171875,334
2024-08-06,GC=F,gold_futures,2414.5,2421.800048828125,2380.0,2389.10009765625,2389.10009765625,163
2024-08-07,GC=F,gold_futures,2392.199951171875,2401.0,2384.5,2390.5,2390.5,130
2024-08-08,GC=F,gold_futures,2384.300048828125,2422.800048828125,2384.300048828125,2422.199951171875,2422.199951171875,201
2024-08-09,GC=F,gold_futures,2422.300048828125,2432.10009765625,2418.5,2432.10009765625,2432.10009765625,611
2024-08-12,GC=F,gold_futures,2432.699951171875,2469.800048828125,2432.0,2462.39990234375,2462.39990234375,566
2024-08-13,GC=F,gold_futures,2461.0,2470.0,2456.5,2466.699951171875,2466.699951171875,510
2024-08-14,GC=F,gold_futures,2468.0,2472.10009765625,2439.39990234375,2439.39990234375,2439.39990234375,274
2024-08-15,GC=F,gold_futures,2451.800048828125,2467.699951171875,2431.199951171875,2453.10009765625,2453.10009765625,285
2024-08-16,GC=F,gold_futures,2453.5,2508.0,2451.39990234375,2498.60009765625,2498.60009765625,197
2024-08-19,GC=F,gold_futures,2508.5,2508.5,2487.199951171875,2501.800048828125,2501.800048828125,88
2024-08-20,GC=F,gold_futures,2503.5,2527.300048828125,2500.699951171875,2511.300048828125,2511.300048828125,187
2024-08-21,GC=F,gold_futures,2511.0,2515.39990234375,2503.89990234375,2508.39990234375,2508.39990234375,96
2024-08-22,GC=F,gold_futures,2504.10009765625,2504.10009765625,2471.10009765625,2478.89990234375,2478.89990234375,210
2024-08-23,GC=F,gold_futures,2486.5,2508.39990234375,2486.5,2508.39990234375,2508.39990234375,94
2024-08-26,GC=F,gold_futures,2509.89990234375,2523.10009765625,2509.10009765625,2517.699951171875,2517.699951171875,290
2024-08-27,GC=F,gold_futures,2515.199951171875,2523.10009765625,2506.89990234375,2516.0,2516.0,100
2024-08-28,GC=F,gold_futures,2501.0,2501.0,2501.0,2501.0,2501.0,2353
2024-08-29,GC=F,gold_futures,2504.10009765625,2525.699951171875,2503.89990234375,2525.699951171875,2525.699951171875,3966
2024-08-30,GC=F,gold_futures,2519.5,2525.39990234375,2493.800048828125,2493.800048828125,2493.800048828125,208
2024-09-03,GC=F,gold_futures,2501.60009765625,2501.800048828125,2476.300048828125,2489.89990234375,2489.89990234375,206
2024-09-04,GC=F,gold_futures,2490.89990234375,2493.39990234375,2483.5,2493.39990234375,2493.39990234375,470
2024-09-05,GC=F,gold_futures,2493.699951171875,2513.300048828125,2493.39990234375,2511.39990234375,2511.39990234375,54
2024-09-06,GC=F,gold_futures,2510.300048828125,2517.89990234375,2483.699951171875,2493.5,2493.5,96
2024-09-09,GC=F,gold_futures,2491.300048828125,2504.699951171875,2491.300048828125,2501.800048828125,2501.800048828125,96
2024-09-10,GC=F,gold_futures,2512.300048828125,2512.300048828125,2512.300048828125,2512.300048828125,2512.300048828125,5
2024-09-11,GC=F,gold_futures,2525.800048828125,2525.800048828125,2502.300048828125,2512.10009765625,2512.10009765625,90
2024-09-12,GC=F,gold_futures,2529.10009765625,2557.0,2523.39990234375,2551.199951171875,2551.199951171875,132
2024-09-13,GC=F,gold_futures,2568.800048828125,2581.800048828125,2565.0,2581.300048828125,2581.300048828125,31
2024-09-16,GC=F,gold_futures,2580.39990234375,2580.39990234375,2580.39990234375,2580.39990234375,2580.39990234375,28
2024-09-17,GC=F,gold_futures,2581.199951171875,2581.800048828125,2564.300048828125,2564.300048828125,2564.300048828125,22
2024-09-18,GC=F,gold_futures,2570.699951171875,2570.699951171875,2549.199951171875,2570.699951171875,2570.699951171875,25
2024-09-19,GC=F,gold_futures,2566.0,2588.0,2566.0,2588.0,2588.0,99
2024-09-20,GC=F,gold_futures,2590.39990234375,2621.800048828125,2590.39990234375,2619.89990234375,2619.89990234375,17
2024-09-23,GC=F,gold_futures,2626.5,2626.5,2626.5,2626.5,2626.5,9
2024-09-24,GC=F,gold_futures,2636.800048828125,2662.300048828125,2625.5,2651.199951171875,2651.199951171875,35
2024-09-25,GC=F,gold_futures,2656.300048828125,2664.199951171875,2649.300048828125,2659.199951171875,2659.199951171875,175
2024-09-26,GC=F,gold_futures,2662.300048828125,2669.89990234375,2660.800048828125,2669.89990234375,2669.89990234375,17216
2024-09-27,GC=F,gold_futures,2670.0,2672.10009765625,2641.699951171875,2644.300048828125,2644.300048828125,4228
2024-09-30,GC=F,gold_futures,2660.89990234375,2662.10009765625,2623.199951171875,2636.10009765625,2636.10009765625,973
2024-10-01,GC=F,gold_futures,2631.39990234375,2670.89990234375,2631.39990234375,2667.300048828125,2667.300048828125,153
2024-10-02,GC=F,gold_futures,2650.60009765625,2657.199951171875,2640.0,2647.10009765625,2647.10009765625,72
2024-10-03,GC=F,gold_futures,2642.800048828125,2657.10009765625,2640.0,2657.10009765625,2657.10009765625,354
2024-10-04,GC=F,gold_futures,2656.0,2667.0,2639.0,2645.800048828125,2645.800048828125,114
2024-10-07,GC=F,gold_futures,2648.699951171875,2657.39990234375,2639.0,2644.800048828125,2644.800048828125,284
2024-10-08,GC=F,gold_futures,2639.0,2639.0,2609.300048828125,2615.0,2615.0,687
2024-10-09,GC=F,gold_futures,2603.0,2607.699951171875,2603.0,2606.0,2606.0,152
2024-10-10,GC=F,gold_futures,2602.5,2628.300048828125,2602.5,2620.60009765625,2620.60009765625,320
2024-10-11,GC=F,gold_futures,2638.300048828125,2658.10009765625,2638.199951171875,2657.60009765625,2657.60009765625,12
2024-10-14,GC=F,gold_futures,2655.0,2655.300048828125,2647.800048828125,2647.800048828125,2647.800048828125,40
2024-10-15,GC=F,gold_futures,2661.39990234375,2661.39990234375,2661.39990234375,2661.39990234375,2661.39990234375,39
2024-10-16,GC=F,gold_futures,2674.0,2674.0,2674.0,2674.0,2674.0,6
2024-10-17,GC=F,gold_futures,2677.39990234375,2691.699951171875,2677.199951171875,2691.0,2691.0,30
2024-10-18,GC=F,gold_futures,2713.699951171875,2719.60009765625,2713.699951171875,2713.699951171875,2713.699951171875,29
2024-10-21,GC=F,gold_futures,2721.89990234375,2738.39990234375,2719.5,2723.10009765625,2723.10009765625,52
2024-10-22,GC=F,gold_futures,2731.699951171875,2746.0,2728.60009765625,2744.199951171875,2744.199951171875,93
2024-10-23,GC=F,gold_futures,2742.5,2742.5,2714.199951171875,2714.39990234375,2714.39990234375,18
2024-10-24,GC=F,gold_futures,2729.0,2736.10009765625,2729.0,2734.89990234375,2734.89990234375,27
2024-10-25,GC=F,gold_futures,2725.5,2742.39990234375,2725.5,2740.89990234375,2740.89990234375,29
2024-10-28,GC=F,gold_futures,2736.10009765625,2742.89990234375,2729.5,2742.89990234375,2742.89990234375,56
2024-10-29,GC=F,gold_futures,2768.39990234375,2768.39990234375,2768.39990234375,2768.39990234375,2768.39990234375,848
2024-10-30,GC=F,gold_futures,2774.60009765625,2789.0,2774.60009765625,2788.5,2788.5,231
2024-10-31,GC=F,gold_futures,2787.39990234375,2787.5,2733.5,2738.300048828125,2738.300048828125,849
2024-11-01,GC=F,gold_futures,2745.5,2756.0,2734.199951171875,2738.60009765625,2738.60009765625,109
2024-11-04,GC=F,gold_futures,2736.5,2737.10009765625,2736.10009765625,2736.10009765625,2736.10009765625,16
2024-11-05,GC=F,gold_futures,2743.0,2743.89990234375,2740.300048828125,2740.300048828125,2740.300048828125,23
2024-11-06,GC=F,gold_futures,2734.5,2734.5,2659.39990234375,2667.60009765625,2667.60009765625,427
2024-11-07,GC=F,gold_futures,2662.5,2699.10009765625,2662.5,2698.39990234375,2698.39990234375,676
2024-11-08,GC=F,gold_futures,2688.5,2694.60009765625,2682.89990234375,2687.5,2687.5,1038
2024-11-11,GC=F,gold_futures,2671.699951171875,2671.699951171875,2611.199951171875,2611.199951171875,2611.199951171875,20
2024-11-12,GC=F,gold_futures,2605.5,2605.5,2592.800048828125,2600.0,2600.0,118
2024-11-13,GC=F,gold_futures,2611.10009765625,2611.800048828125,2580.800048828125,2580.800048828125,2580.800048828125,53
2024-11-14,GC=F,gold_futures,2555.10009765625,2576.199951171875,2554.199951171875,2568.199951171875,2568.199951171875,27
2024-11-15,GC=F,gold_futures,2565.699951171875,2565.699951171875,2565.699951171875,2565.699951171875,2565.699951171875,20
2024-11-18,GC=F,gold_futures,2591.699951171875,2610.699951171875,2589.39990234375,2610.60009765625,2610.60009765625,136
2024-11-19,GC=F,gold_futures,2621.89990234375,2627.699951171875,2619.300048828125,2627.10009765625,2627.10009765625,87
2024-11-20,GC=F,gold_futures,2638.5,2648.199951171875,2638.5,2648.199951171875,2648.199951171875,27
2024-11-21,GC=F,gold_futures,2659.300048828125,2672.10009765625,2655.699951171875,2672.10009765625,2672.10009765625,33
2024-11-22,GC=F,gold_futures,2687.5,2710.5,2685.60009765625,2709.89990234375,2709.89990234375,41
2024-11-25,GC=F,gold_futures,2689.39990234375,2689.39990234375,2616.800048828125,2616.800048828125,2616.800048828125,94
2024-11-26,GC=F,gold_futures,2625.60009765625,2625.60009765625,2620.300048828125,2620.300048828125,2620.300048828125,177858
2024-11-27,GC=F,gold_futures,2633.5,2657.89990234375,2627.199951171875,2639.89990234375,2639.89990234375,61653
2024-11-29,GC=F,gold_futures,2636.39990234375,2664.300048828125,2620.699951171875,2657.0,2657.0,3861
2024-12-02,GC=F,gold_futures,2649.0,2649.800048828125,2621.699951171875,2634.89990234375,2634.89990234375,695
2024-12-03,GC=F,gold_futures,2639.0,2654.699951171875,2636.0,2644.699951171875,2644.699951171875,1062
2024-12-04,GC=F,gold_futures,2639.199951171875,2658.300048828125,2637.0,2653.800048828125,2653.800048828125,249
2024-12-05,GC=F,gold_futures,2652.39990234375,2655.0,2625.699951171875,2626.60009765625,2626.60009765625,573
2024-12-06,GC=F,gold_futures,2620.199951171875,2643.10009765625,2617.5,2638.60009765625,2638.60009765625,571
2024-12-09,GC=F,gold_futures,2632.10009765625,2677.10009765625,2630.800048828125,2664.89990234375,2664.89990234375,935
2024-12-10,GC=F,gold_futures,2662.300048828125,2698.199951171875,2661.0,2697.60009765625,2697.60009765625,437
2024-12-11,GC=F,gold_futures,2701.800048828125,2733.800048828125,2693.10009765625,2733.800048828125,2733.800048828125,3387
2024-12-12,GC=F,gold_futures,2725.10009765625,2725.10009765625,2677.39990234375,2687.5,2687.5,2365
2024-12-13,GC=F,gold_futures,2688.199951171875,2689.300048828125,2647.89990234375,2656.0,2656.0,1125
2024-12-16,GC=F,gold_futures,2658.300048828125,2663.300048828125,2651.0,2651.39990234375,2651.39990234375,877
2024-12-17,GC=F,gold_futures,2651.800048828125,2652.300048828125,2632.5,2644.39990234375,2644.39990234375,705
2024-12-18,GC=F,gold_futures,2644.300048828125,2647.10009765625,2590.199951171875,2636.5,2636.5,566
2024-12-19,GC=F,gold_futures,2582.10009765625,2610.300048828125,2582.10009765625,2592.199951171875,2592.199951171875,238
2024-12-20,GC=F,gold_futures,2605.300048828125,2631.60009765625,2604.89990234375,2628.699951171875,2628.699951171875,592
2024-12-23,GC=F,gold_futures,2620.0,2627.699951171875,2611.10009765625,2612.300048828125,2612.300048828125,451
2024-12-24,GC=F,gold_futures,2613.0,2620.0,2609.5,2620.0,2620.0,35
2024-12-26,GC=F,gold_futures,2628.5,2638.800048828125,2627.89990234375,2638.800048828125,2638.800048828125,84
2024-12-27,GC=F,gold_futures,2617.699951171875,2617.699951171875,2616.39990234375,2617.199951171875,2617.199951171875,642
2024-12-30,GC=F,gold_futures,2620.699951171875,2626.89990234375,2597.0,2606.10009765625,2606.10009765625,794
2024-12-31,GC=F,gold_futures,2608.39990234375,2629.199951171875,2604.89990234375,2629.199951171875,2629.199951171875,401
2025-01-02,GC=F,gold_futures,2633.0,2663.10009765625,2633.0,2658.89990234375,2658.89990234375,1728
2025-01-03,GC=F,gold_futures,2658.699951171875,2658.699951171875,2641.800048828125,2645.0,2645.0,591
2025-01-06,GC=F,gold_futures,2645.5,2647.0,2617.300048828125,2638.39990234375,2638.39990234375,960
2025-01-07,GC=F,gold_futures,2653.39990234375,2657.5,2653.0,2656.699951171875,2656.699951171875,643
2025-01-08,GC=F,gold_futures,2655.5,2676.89990234375,2653.5,2664.5,2664.5,999
2025-01-09,GC=F,gold_futures,2669.699951171875,2686.300048828125,2667.89990234375,2683.800048828125,2683.800048828125,1139
2025-01-10,GC=F,gold_futures,2686.10009765625,2720.10009765625,2683.699951171875,2708.5,2708.5,403
2025-01-13,GC=F,gold_futures,2711.10009765625,2711.199951171875,2673.5,2673.5,2673.5,765
2025-01-14,GC=F,gold_futures,2673.60009765625,2688.300048828125,2670.800048828125,2677.5,2677.5,794
2025-01-15,GC=F,gold_futures,2690.800048828125,2712.5,2690.800048828125,2712.5,2712.5,930
2025-01-16,GC=F,gold_futures,2731.699951171875,2749.800048828125,2731.699951171875,2746.39990234375,2746.39990234375,1721
2025-01-17,GC=F,gold_futures,2736.0,2751.60009765625,2725.5,2744.300048828125,2744.300048828125,1214
2025-01-21,GC=F,gold_futures,2746.0,2755.0,2724.800048828125,2755.0,2755.0,1439
2025-01-22,GC=F,gold_futures,2754.5,2768.800048828125,2753.5,2767.60009765625,2767.60009765625,2079
2025-01-23,GC=F,gold_futures,2760.0,2765.0,2745.39990234375,2763.10009765625,2763.10009765625,2201
2025-01-24,GC=F,gold_futures,2759.800048828125,2792.0,2759.800048828125,2777.300048828125,2777.300048828125,1593
2025-01-27,GC=F,gold_futures,2761.10009765625,2762.199951171875,2737.5,2737.5,2737.5,984
2025-01-28,GC=F,gold_futures,2738.0,2766.800048828125,2738.0,2766.800048828125,2766.800048828125,2307
2025-01-29,GC=F,gold_futures,2769.10009765625,2769.10009765625,2769.10009765625,2769.10009765625,2769.10009765625,125692
2025-01-30,GC=F,gold_futures,2772.5,2829.5,2770.0,2823.0,2823.0,40141
2025-01-31,GC=F,gold_futures,2829.0,2838.0,2804.0,2812.5,2812.5,3443
2025-02-03,GC=F,gold_futures,2818.199951171875,2848.39990234375,2780.89990234375,2833.89990234375,2833.89990234375,2649
2025-02-04,GC=F,gold_futures,2827.60009765625,2853.300048828125,2816.10009765625,2853.300048828125,2853.300048828125,2187
2025-02-05,GC=F,gold_futures,2850.0,2880.5,2848.0,2871.60009765625,2871.60009765625,4519
2025-02-06,GC=F,gold_futures,2865.199951171875,2871.699951171875,2836.300048828125,2856.0,2856.0,3116
2025-02-07,GC=F,gold_futures,2859.89990234375,2889.5,2857.800048828125,2867.300048828125,2867.300048828125,1822
2025-02-10,GC=F,gold_futures,2864.199951171875,2916.10009765625,2863.800048828125,2914.300048828125,2914.300048828125,2237
2025-02-11,GC=F,gold_futures,2925.5,2945.39990234375,2890.0,2912.5,2912.5,2554
2025-02-12,GC=F,gold_futures,2902.0,2912.300048828125,2868.60009765625,2909.0,2909.0,2504
2025-02-13,GC=F,gold_futures,2911.300048828125,2937.699951171875,2910.60009765625,2925.89990234375,2925.89990234375,4670
2025-02-14,GC=F,gold_futures,2937.300048828125,2944.39990234375,2874.800048828125,2883.60009765625,2883.60009765625,1992
2025-02-18,GC=F,gold_futures,2879.199951171875,2936.39990234375,2873.800048828125,2931.60009765625,2931.60009765625,4010
2025-02-19,GC=F,gold_futures,2938.699951171875,2946.0,2917.10009765625,2919.39990234375,2919.39990234375,2630
2025-02-20,GC=F,gold_futures,2949.10009765625,2955.800048828125,2924.199951171875,2940.0,2940.0,656
2025-02-21,GC=F,gold_futures,2938.800048828125,2940.0,2917.300048828125,2937.60009765625,2937.60009765625,570
2025-02-24,GC=F,gold_futures,2933.10009765625,2957.89990234375,2933.10009765625,2947.89990234375,2947.89990234375,415
2025-02-25,GC=F,gold_futures,2938.699951171875,2943.199951171875,2890.0,2904.5,2904.5,1854
2025-02-26,GC=F,gold_futures,2913.5,2917.0,2913.0,2916.800048828125,2916.800048828125,2050
2025-02-27,GC=F,gold_futures,2918.5,2922.800048828125,2870.39990234375,2883.199951171875,2883.199951171875,3215
2025-02-28,GC=F,gold_futures,2877.10009765625,2877.10009765625,2834.10009765625,2836.800048828125,2836.800048828125,990
2025-03-03,GC=F,gold_futures,2872.699951171875,2891.800048828125,2863.39990234375,2890.199951171875,2890.199951171875,423
2025-03-04,GC=F,gold_futures,2886.10009765625,2927.89990234375,2886.10009765625,2909.60009765625,2909.60009765625,885
2025-03-05,GC=F,gold_futures,2916.699951171875,2922.0,2893.0,2915.300048828125,2915.300048828125,551
2025-03-06,GC=F,gold_futures,2904.0,2918.60009765625,2903.800048828125,2916.60009765625,2916.60009765625,870
2025-03-07,GC=F,gold_futures,2900.89990234375,2927.300048828125,2900.5,2904.699951171875,2904.699951171875,531
2025-03-10,GC=F,gold_futures,2910.10009765625,2915.10009765625,2880.199951171875,2891.0,2891.0,55
2025-03-11,GC=F,gold_futures,2884.39990234375,2916.699951171875,2880.39990234375,2912.89990234375,2912.89990234375,197
2025-03-12,GC=F,gold_futures,2912.0,2939.10009765625,2910.0,2939.10009765625,2939.10009765625,213
2025-03-13,GC=F,gold_futures,2937.10009765625,2988.0,2935.199951171875,2984.300048828125,2984.300048828125,2366
2025-03-14,GC=F,gold_futures,2994.39990234375,3004.800048828125,2986.0,2994.5,2994.5,1800
2025-03-17,GC=F,gold_futures,2991.0,3001.5,2989.0,3000.0,3000.0,214
2025-03-18,GC=F,gold_futures,3006.39990234375,3039.199951171875,3004.39990234375,3035.10009765625,3035.10009765625,428
2025-03-19,GC=F,gold_futures,3035.199951171875,3050.89990234375,3030.89990234375,3035.89990234375,3035.89990234375,175
2025-03-20,GC=F,gold_futures,3047.300048828125,3047.300048828125,3034.39990234375,3040.0,3040.0,185
2025-03-21,GC=F,gold_futures,3034.5,3037.5,3000.89990234375,3018.199951171875,3018.199951171875,151
2025-03-24,GC=F,gold_futures,3024.300048828125,3024.300048828125,3006.0,3013.10009765625,3013.10009765625,137
2025-03-25,GC=F,gold_futures,3026.39990234375,3028.800048828125,3023.699951171875,3023.699951171875,3023.699951171875,74
2025-03-26,GC=F,gold_futures,3033.199951171875,3033.199951171875,3019.5,3020.89990234375,3020.89990234375,83
2025-03-27,GC=F,gold_futures,3025.5,3065.0,3025.5,3060.199951171875,3060.199951171875,124359
2025-03-28,GC=F,gold_futures,3069.699951171875,3094.89990234375,3066.800048828125,3086.5,3086.5,31206
2025-03-31,GC=F,gold_futures,3091.0,3132.5,3086.0,3122.800048828125,3122.800048828125,3438
2025-04-01,GC=F,gold_futures,3129.699951171875,3149.5,3104.0,3118.89990234375,3118.89990234375,1721
2025-04-02,GC=F,gold_futures,3120.699951171875,3168.60009765625,3117.39990234375,3139.89990234375,3139.89990234375,5946
2025-04-03,GC=F,gold_futures,3150.0,3166.89990234375,3052.0,3097.0,3097.0,5516
2025-04-04,GC=F,gold_futures,3110.5,3127.699951171875,3011.0,3012.0,3012.0,3247
2025-04-07,GC=F,gold_futures,3016.39990234375,3050.800048828125,2949.699951171875,2951.300048828125,2951.300048828125,4424
2025-04-08,GC=F,gold_futures,2994.0,3014.5,2968.39990234375,2968.39990234375,2968.39990234375,3213
2025-04-09,GC=F,gold_futures,2965.800048828125,3090.39990234375,2965.800048828125,3056.5,3056.5,2175
2025-04-10,GC=F,gold_futures,3073.89990234375,3167.0,3072.10009765625,3155.199951171875,3155.199951171875,3456
2025-04-11,GC=F,gold_futures,3182.10009765625,3235.0,3182.10009765625,3222.199951171875,3222.199951171875,862
2025-04-14,GC=F,gold_futures,3215.5,3228.800048828125,3194.5,3204.800048828125,3204.800048828125,263
2025-04-15,GC=F,gold_futures,3216.0,3218.699951171875,3214.0,3218.699951171875,3218.699951171875,390
2025-04-16,GC=F,gold_futures,3238.300048828125,3334.89990234375,3238.300048828125,3326.60009765625,3326.60009765625,1874
2025-04-17,GC=F,gold_futures,3345.0,3345.0,3287.800048828125,3308.699951171875,3308.699951171875,824
2025-04-21,GC=F,gold_futures,3342.199951171875,3418.5,3342.199951171875,3406.199951171875,3406.199951171875,78
2025-04-22,GC=F,gold_futures,3422.199951171875,3485.60009765625,3361.699951171875,3400.800048828125,3400.800048828125,785
2025-04-23,GC=F,gold_futures,3321.199951171875,3370.300048828125,3256.199951171875,3276.300048828125,3276.300048828125,331
2025-04-24,GC=F,gold_futures,3305.39990234375,3353.89990234375,3304.89990234375,3332.0,3332.0,560
2025-04-25,GC=F,gold_futures,3355.5,3355.5,3266.10009765625,3282.39990234375,3282.39990234375,162
2025-04-28,GC=F,gold_futures,3284.5,3332.5,3284.5,3332.5,3332.5,1300
2025-04-29,GC=F,gold_futures,3340.0,3340.0,3299.89990234375,3318.800048828125,3318.800048828125,1278
2025-04-30,GC=F,gold_futures,3318.699951171875,3318.699951171875,3268.0,3305.0,3305.0,207
2025-05-01,GC=F,gold_futures,3272.89990234375,3275.0,3198.60009765625,3210.0,3210.0,2131
2025-05-02,GC=F,gold_futures,3239.89990234375,3257.0,3225.0,3231.89990234375,3231.89990234375,1349
2025-05-05,GC=F,gold_futures,3242.699951171875,3315.699951171875,3239.699951171875,3311.300048828125,3311.300048828125,244
2025-05-06,GC=F,gold_futures,3365.5,3430.89990234375,3356.800048828125,3411.39990234375,3411.39990234375,2357
2025-05-07,GC=F,gold_futures,3418.699951171875,3418.699951171875,3364.699951171875,3381.39990234375,3381.39990234375,1080
2025-05-08,GC=F,gold_futures,3390.0,3390.0,3288.699951171875,3296.60009765625,3296.60009765625,200
2025-05-09,GC=F,gold_futures,3299.0,3335.5,3299.0,3335.39990234375,3335.39990234375,216
2025-05-12,GC=F,gold_futures,3300.699951171875,3300.699951171875,3205.0,3220.0,3220.0,886
2025-05-13,GC=F,gold_futures,3232.0,3251.39990234375,3223.5,3240.300048828125,3240.300048828125,2424
2025-05-14,GC=F,gold_futures,3233.0,3233.0,3171.699951171875,3181.39990234375,3181.39990234375,3518
2025-05-15,GC=F,gold_futures,3151.0,3228.10009765625,3125.0,3220.699951171875,3220.699951171875,652
2025-05-16,GC=F,gold_futures,3227.699951171875,3228.10009765625,3173.89990234375,3182.0,3182.0,199
2025-05-19,GC=F,gold_futures,3234.39990234375,3241.0,3228.300048828125,3228.89990234375,3228.89990234375,266
2025-05-20,GC=F,gold_futures,3219.0,3293.199951171875,3207.5,3280.300048828125,3280.300048828125,356
2025-05-21,GC=F,gold_futures,3293.39990234375,3317.5,3290.199951171875,3309.300048828125,3309.300048828125,979
2025-05-22,GC=F,gold_futures,3327.300048828125,3328.0,3282.699951171875,3292.300048828125,3292.300048828125,1210
2025-05-23,GC=F,gold_futures,3328.0,3363.60009765625,3323.5,3363.60009765625,3363.60009765625,47
2025-05-27,GC=F,gold_futures,3332.5,3341.0,3296.300048828125,3299.10009765625,3299.10009765625,189
2025-05-28,GC=F,gold_futures,3293.60009765625,3293.60009765625,3293.60009765625,3293.60009765625,3293.60009765625,127758
2025-05-29,GC=F,gold_futures,3283.699951171875,3328.800048828125,3242.39990234375,3317.10009765625,3317.10009765625,24370
2025-05-30,GC=F,gold_futures,3315.10009765625,3318.0,3270.89990234375,3288.89990234375,3288.89990234375,2213
2025-06-02,GC=F,gold_futures,3296.89990234375,3380.800048828125,3296.89990234375,3370.60009765625,3370.60009765625,976
2025-06-03,GC=F,gold_futures,3385.10009765625,3390.0,3331.300048828125,3350.199951171875,3350.199951171875,6410
2025-06-04,GC=F,gold_futures,3355.0,3380.0,3344.0,3373.5,3373.5,207
2025-06-05,GC=F,gold_futures,3371.5,3400.0,3343.699951171875,3350.699951171875,3350.699951171875,731
2025-06-06,GC=F,gold_futures,3364.300048828125,3364.300048828125,3306.0,3322.699951171875,3322.699951171875,81
2025-06-09,GC=F,gold_futures,3315.60009765625,3334.60009765625,3290.0,3332.10009765625,3332.10009765625,1887
2025-06-10,GC=F,gold_futures,3302.0,3344.300048828125,3302.0,3320.89990234375,3320.89990234375,65
2025-06-11,GC=F,gold_futures,3328.0,3356.0,3321.300048828125,3321.300048828125,3321.300048828125,2106
2025-06-12,GC=F,gold_futures,3363.0,3395.89990234375,3353.39990234375,3380.89990234375,3380.89990234375,1818
2025-06-13,GC=F,gold_futures,3407.300048828125,3444.0,3407.300048828125,3431.199951171875,3431.199951171875,499
2025-06-16,GC=F,gold_futures,3442.0,3442.0,3385.39990234375,3396.39990234375,3396.39990234375,480
2025-06-17,GC=F,gold_futures,3398.300048828125,3398.300048828125,3376.10009765625,3386.60009765625,3386.60009765625,1477
2025-06-18,GC=F,gold_futures,3385.300048828125,3391.89990234375,3365.10009765625,3389.800048828125,3389.800048828125,0
2025-06-20,GC=F,gold_futures,3350.0,3372.89990234375,3341.0,3368.10009765625,3368.10009765625,709
2025-06-23,GC=F,gold_futures,3365.89990234375,3387.89990234375,3350.0,3377.699951171875,3377.699951171875,30
2025-06-24,GC=F,gold_futures,3358.0,3358.0,3301.0,3317.39990234375,3317.39990234375,538
2025-06-25,GC=F,gold_futures,3321.60009765625,3331.199951171875,3310.60009765625,3327.10009765625,3327.10009765625,373
2025-06-26,GC=F,gold_futures,3332.39990234375,3333.5,3332.39990234375,3333.5,3333.5,2058
2025-06-27,GC=F,gold_futures,3318.699951171875,3318.699951171875,3253.800048828125,3273.699951171875,3273.699951171875,284
2025-06-30,GC=F,gold_futures,3265.89990234375,3306.89990234375,3262.0,3294.39990234375,3294.39990234375,1242
2025-07-01,GC=F,gold_futures,3310.10009765625,3354.10009765625,3310.10009765625,3336.699951171875,3336.699951171875,371
2025-07-02,GC=F,gold_futures,3329.0,3357.5,3329.0,3348.0,3348.0,39
2025-07-03,GC=F,gold_futures,3362.0,3362.0,3322.300048828125,3331.60009765625,3331.60009765625,0
2025-07-04,GC=F,gold_futures,3342.0,3342.0,3332.5,3332.5,3332.5,0
2025-07-07,GC=F,gold_futures,3305.5,3333.300048828125,3299.199951171875,3332.199951171875,3332.199951171875,254
2025-07-08,GC=F,gold_futures,3330.39990234375,3334.5,3287.60009765625,3307.0,3307.0,909
2025-07-09,GC=F,gold_futures,3289.39990234375,3314.0,3282.0,3311.60009765625,3311.60009765625,114
2025-07-10,GC=F,gold_futures,3323.60009765625,3330.5,3311.60009765625,3317.39990234375,3317.39990234375,209
2025-07-11,GC=F,gold_futures,3330.5,3370.0,3330.5,3356.0,3356.0,776
2025-07-14,GC=F,gold_futures,3367.0,3375.5,3350.0,3351.5,3351.5,583
2025-07-15,GC=F,gold_futures,3341.0,3341.0,3329.800048828125,3329.800048828125,3329.800048828125,210
2025-07-16,GC=F,gold_futures,3341.199951171875,3352.89990234375,3329.5,3352.5,3352.5,10
2025-07-17,GC=F,gold_futures,3313.800048828125,3340.800048828125,3313.800048828125,3340.10009765625,3340.10009765625,667
2025-07-18,GC=F,gold_futures,3338.199951171875,3353.0,3338.199951171875,3353.0,3353.0,602
2025-07-21,GC=F,gold_futures,3350.300048828125,3411.699951171875,3350.300048828125,3401.89990234375,3401.89990234375,53
2025-07-22,GC=F,gold_futures,3411.0,3441.0,3395.60009765625,3439.199951171875,3439.199951171875,39
2025-07-23,GC=F,gold_futures,3430.300048828125,3433.89990234375,3388.10009765625,3394.10009765625,3394.10009765625,63
2025-07-24,GC=F,gold_futures,3367.0,3371.0,3367.0,3371.0,3371.0,1175
2025-07-25,GC=F,gold_futures,3344.0,3345.0,3326.5,3334.0,3334.0,67
2025-07-28,GC=F,gold_futures,3326.60009765625,3326.800048828125,3309.10009765625,3309.10009765625,3309.10009765625,533
2025-07-29,GC=F,gold_futures,3323.39990234375,3323.39990234375,3323.39990234375,3323.39990234375,3323.39990234375,113144
2025-07-30,GC=F,gold_futures,3325.800048828125,3331.800048828125,3263.89990234375,3295.800048828125,3295.800048828125,19252
2025-07-31,GC=F,gold_futures,3272.89990234375,3312.0,3272.89990234375,3293.199951171875,3293.199951171875,3704
2025-08-01,GC=F,gold_futures,3286.199951171875,3360.60009765625,3281.0,3347.699951171875,3347.699951171875,3420
2025-08-04,GC=F,gold_futures,3367.60009765625,3386.5,3347.39990234375,3374.39990234375,3374.39990234375,351
2025-08-05,GC=F,gold_futures,3378.5,3387.199951171875,3351.199951171875,3381.89990234375,3381.89990234375,915
2025-08-06,GC=F,gold_futures,3380.699951171875,3383.300048828125,3361.300048828125,3380.0,3380.0,1492
2025-08-07,GC=F,gold_futures,3384.89990234375,3422.89990234375,3384.89990234375,3400.300048828125,3400.300048828125,5464
2025-08-08,GC=F,gold_futures,3438.800048828125,3477.0,3402.5,3439.10009765625,3439.10009765625,7657
2025-08-11,GC=F,gold_futures,3383.89990234375,3383.89990234375,3349.199951171875,3353.10009765625,3353.10009765625,1488
2025-08-12,GC=F,gold_futures,3356.199951171875,3356.199951171875,3330.10009765625,3348.89990234375,3348.89990234375,1611
2025-08-13,GC=F,gold_futures,3358.800048828125,3363.39990234375,3358.699951171875,3358.699951171875,3358.699951171875,1011
2025-08-14,GC=F,gold_futures,3346.800048828125,3356.0,3328.89990234375,3335.199951171875,3335.199951171875,592
2025-08-15,GC=F,gold_futures,3346.800048828125,3346.800048828125,3335.89990234375,3336.0,3336.0,1185
2025-08-18,GC=F,gold_futures,3333.5,3347.800048828125,3331.699951171875,3331.699951171875,3331.699951171875,646
2025-08-19,GC=F,gold_futures,3330.199951171875,3343.5,3313.39990234375,3313.39990234375,3313.39990234375,1655
2025-08-20,GC=F,gold_futures,3310.60009765625,3343.5,3310.10009765625,3343.39990234375,3343.39990234375,1213
2025-08-21,GC=F,gold_futures,3349.39990234375,3349.39990234375,3326.5,3336.89990234375,3336.89990234375,142
2025-08-22,GC=F,gold_futures,3349.39990234375,3377.699951171875,3349.39990234375,3374.39990234375,3374.39990234375,1240
2025-08-25,GC=F,gold_futures,3366.0,3378.0,3366.0,3373.800048828125,3373.800048828125,1044
2025-08-26,GC=F,gold_futures,3378.89990234375,3396.5,3371.10009765625,3388.60009765625,3388.60009765625,905
2025-08-27,GC=F,gold_futures,3397.0,3404.60009765625,3382.0,3404.60009765625,3404.60009765625,3222
2025-08-28,GC=F,gold_futures,3409.0,3434.60009765625,3400.0,3431.800048828125,3431.800048828125,1035
2025-08-29,GC=F,gold_futures,3432.5,3475.60009765625,3426.60009765625,3473.699951171875,3473.699951171875,0
2025-09-02,GC=F,gold_futures,3485.699951171875,3559.199951171875,3485.699951171875,3549.39990234375,3549.39990234375,658
2025-09-03,GC=F,gold_futures,3554.800048828125,3593.699951171875,3553.199951171875,3593.199951171875,3593.199951171875,72
2025-09-04,GC=F,gold_futures,3549.89990234375,3573.60009765625,3549.89990234375,3565.800048828125,3565.800048828125,237
2025-09-05,GC=F,gold_futures,3567.800048828125,3613.199951171875,3567.800048828125,3613.199951171875,3613.199951171875,925
2025-09-08,GC=F,gold_futures,3594.5,3641.0,3590.0,3638.10009765625,3638.10009765625,97
2025-09-09,GC=F,gold_futures,3647.10009765625,3670.39990234375,3627.800048828125,3643.300048828125,3643.300048828125,535
2025-09-10,GC=F,gold_futures,3625.0,3655.39990234375,3620.800048828125,3643.60009765625,3643.60009765625,136
2025-09-11,GC=F,gold_futures,3632.89990234375,3636.89990234375,3618.39990234375,3636.89990234375,3636.89990234375,307
2025-09-12,GC=F,gold_futures,3655.5,3656.800048828125,3643.0,3649.39990234375,3649.39990234375,1300
2025-09-15,GC=F,gold_futures,3640.0,3686.39990234375,3635.10009765625,3682.199951171875,3682.199951171875,210
2025-09-16,GC=F,gold_futures,3681.39990234375,3698.60009765625,3681.39990234375,3688.89990234375,3688.89990234375,373
2025-09-17,GC=F,gold_futures,3669.0,3685.199951171875,3661.60009765625,3681.800048828125,3681.800048828125,183
2025-09-18,GC=F,gold_futures,3654.60009765625,3667.39990234375,3637.0,3643.699951171875,3643.699951171875,80
2025-09-19,GC=F,gold_futures,3659.0,3685.89990234375,3658.199951171875,3671.5,3671.5,211
2025-09-22,GC=F,gold_futures,3688.199951171875,3748.199951171875,3688.0,3740.699951171875,3740.699951171875,410
2025-09-23,GC=F,gold_futures,3747.0,3786.0,3740.0,3780.60009765625,3780.60009765625,627
2025-09-24,GC=F,gold_futures,3769.800048828125,3772.5,3732.10009765625,3732.10009765625,3732.10009765625,588
2025-09-25,GC=F,gold_futures,3742.800048828125,3756.0,3724.699951171875,3736.89990234375,3736.89990234375,1899
2025-09-26,GC=F,gold_futures,3775.300048828125,3775.300048828125,3775.300048828125,3775.300048828125,3775.300048828125,19308
2025-09-29,GC=F,gold_futures,3754.800048828125,3827.60009765625,3754.800048828125,3820.89990234375,3820.89990234375,8860
2025-09-30,GC=F,gold_futures,3827.5,3865.5,3793.39990234375,3840.800048828125,3840.800048828125,1611
2025-10-01,GC=F,gold_futures,3863.5,3891.89990234375,3853.300048828125,3867.5,3867.5,1778
2025-10-02,GC=F,gold_futures,3856.199951171875,3888.60009765625,3823.699951171875,3839.699951171875,3839.699951171875,3418
2025-10-03,GC=F,gold_futures,3855.199951171875,3886.800048828125,3853.699951171875,3880.800048828125,3880.800048828125,392
2025-10-06,GC=F,gold_futures,3931.300048828125,3960.0,3926.800048828125,3948.5,3948.5,1267
2025-10-07,GC=F,gold_futures,3959.39990234375,3981.5,3940.0,3976.60009765625,3976.60009765625,2903
2025-10-08,GC=F,gold_futures,3987.199951171875,4049.199951171875,3987.199951171875,4043.300048828125,4043.300048828125,2179
2025-10-09,GC=F,gold_futures,4011.199951171875,4046.199951171875,3940.0,3946.300048828125,3946.300048828125,3130
2025-10-10,GC=F,gold_futures,3957.0,4012.0,3945.5,3975.89990234375,3975.89990234375,1697
2025-10-13,GC=F,gold_futures,4016.0,4111.0,4016.0,4108.60009765625,4108.60009765625,1697
2025-10-14,GC=F,gold_futures,4131.7001953125,4160.10009765625,4085.800048828125,4138.7001953125,4138.7001953125,2424
2025-10-15,GC=F,gold_futures,4145.0,4210.60009765625,4145.0,4176.89990234375,4176.89990234375,3287
2025-10-16,GC=F,gold_futures,4198.7998046875,4307.0,4196.60009765625,4280.2001953125,4280.2001953125,4705
2025-10-17,GC=F,gold_futures,4354.7001953125,4358.0,4182.2001953125,4189.89990234375,4189.89990234375,4060
2025-10-20,GC=F,gold_futures,4244.10009765625,4356.60009765625,4214.60009765625,4336.39990234375,4336.39990234375,1750
2025-10-21,GC=F,gold_futures,4332.7001953125,4332.7001953125,4087.699951171875,4087.699951171875,4087.699951171875,2943
2025-10-22,GC=F,gold_futures,4109.7001953125,4148.5,4006.0,4044.39990234375,4044.39990234375,1237
2025-10-23,GC=F,gold_futures,4078.39990234375,4136.7998046875,4070.699951171875,4125.5,4125.5,354
2025-10-24,GC=F,gold_futures,4117.5,4120.60009765625,4074.89990234375,4118.39990234375,4118.39990234375,123
2025-10-27,GC=F,gold_futures,4060.0,4078.60009765625,3971.300048828125,4001.89990234375,4001.89990234375,220
2025-10-28,GC=F,gold_futures,3929.699951171875,3966.199951171875,3923.60009765625,3966.199951171875,3966.199951171875,219
2025-10-29,GC=F,gold_futures,3983.699951171875,3983.699951171875,3983.699951171875,3983.699951171875,3983.699951171875,1344
2025-10-30,GC=F,gold_futures,3960.0,4027.199951171875,3913.699951171875,4001.300048828125,4001.300048828125,935
2025-10-31,GC=F,gold_futures,4034.5,4034.5,3976.60009765625,3982.199951171875,3982.199951171875,559
2025-11-03,GC=F,gold_futures,3976.199951171875,4020.0,3959.0,4000.300048828125,4000.300048828125,0
2025-11-04,GC=F,gold_futures,3994.199951171875,3995.39990234375,3927.39990234375,3947.699951171875,3947.699951171875,657
2025-11-05,GC=F,gold_futures,3929.89990234375,3983.5,3929.89990234375,3980.300048828125,3980.300048828125,559
2025-11-06,GC=F,gold_futures,4004.0,4007.5,3979.89990234375,3979.89990234375,3979.89990234375,650
2025-11-07,GC=F,gold_futures,3980.800048828125,3999.39990234375,3980.800048828125,3999.39990234375,3999.39990234375,245
2025-11-10,GC=F,gold_futures,4060.0,4111.7998046875,4060.0,4111.7998046875,4111.7998046875,189
2025-11-11,GC=F,gold_futures,4140.10009765625,4140.10009765625,4106.7998046875,4106.7998046875,4106.7998046875,569
2025-11-12,GC=F,gold_futures,4115.60009765625,4204.39990234375,4102.89990234375,4204.39990234375,4204.39990234375,396
2025-11-13,GC=F,gold_futures,4228.7001953125,4228.7001953125,4163.7001953125,4186.89990234375,4186.89990234375,167
2025-11-14,GC=F,gold_futures,4197.7001953125,4197.89990234375,4047.0,4087.60009765625,4087.60009765625,483
2025-11-17,GC=F,gold_futures,4070.0,4099.5,4019.39990234375,4068.300048828125,4068.300048828125,1552
2025-11-18,GC=F,gold_futures,4037.39990234375,4063.39990234375,4035.60009765625,4061.300048828125,4061.300048828125,1375
2025-11-19,GC=F,gold_futures,4086.10009765625,4122.7001953125,4072.0,4077.699951171875,4077.699951171875,486
2025-11-20,GC=F,gold_futures,4045.0,4090.39990234375,4040.199951171875,4056.5,4056.5,202
2025-11-21,GC=F,gold_futures,4031.800048828125,4085.199951171875,4031.800048828125,4076.699951171875,4076.699951171875,171
2025-11-24,GC=F,gold_futures,4060.5,4091.89990234375,4060.5,4091.89990234375,4091.89990234375,591
2025-11-25,GC=F,gold_futures,4139.2001953125,4139.2001953125,4139.2001953125,4139.2001953125,4139.2001953125,132704
2025-11-26,GC=F,gold_futures,4128.60009765625,4171.0,4127.5,4165.2001953125,4165.2001953125,25088
2025-11-28,GC=F,gold_futures,4163.39990234375,4223.89990234375,4140.0,4218.2998046875,4218.2998046875,3615
2025-12-01,GC=F,gold_futures,4218.5,4262.10009765625,4214.89990234375,4239.2998046875,4239.2998046875,913
2025-12-02,GC=F,gold_futures,4230.5,4230.5,4167.0,4186.60009765625,4186.60009765625,366
2025-12-03,GC=F,gold_futures,4215.7001953125,4234.10009765625,4195.7001953125,4199.2998046875,4199.2998046875,1897
2025-12-04,GC=F,gold_futures,4211.0,4211.7998046875,4175.0,4211.7998046875,4211.7998046875,616
2025-12-05,GC=F,gold_futures,4204.10009765625,4255.7001953125,4194.5,4212.89990234375,4212.89990234375,533
2025-12-08,GC=F,gold_futures,4205.5,4215.7998046875,4175.5,4187.2001953125,4187.2001953125,318
2025-12-09,GC=F,gold_futures,4190.7001953125,4219.7001953125,4177.7001953125,4206.7001953125,4206.7001953125,660
2025-12-10,GC=F,gold_futures,4209.0,4234.5,4183.60009765625,4196.39990234375,4196.39990234375,692
2025-12-11,GC=F,gold_futures,4224.0,4286.89990234375,4214.2998046875,4285.5,4285.5,528
2025-12-12,GC=F,gold_futures,4276.39990234375,4355.0,4260.0,4300.10009765625,4300.10009765625,1531
2025-12-15,GC=F,gold_futures,4308.2998046875,4349.2001953125,4292.89990234375,4306.7001953125,4306.7001953125,854
2025-12-16,GC=F,gold_futures,4270.5,4321.39990234375,4270.5,4304.5,4304.5,1796
2025-12-17,GC=F,gold_futures,4308.5,4351.39990234375,4308.5,4347.5,4347.5,2169
2025-12-18,GC=F,gold_futures,4331.0,4348.10009765625,4328.2001953125,4339.5,4339.5,705
2025-12-19,GC=F,gold_futures,4350.10009765625,4361.39990234375,4350.10009765625,4361.39990234375,4361.39990234375,1065
2025-12-22,GC=F,gold_futures,4371.10009765625,4447.60009765625,4371.10009765625,4444.60009765625,4444.60009765625,449
2025-12-23,GC=F,gold_futures,4503.2998046875,4503.7998046875,4450.39990234375,4482.7998046875,4482.7998046875,694
2025-12-24,GC=F,gold_futures,4500.7001953125,4503.39990234375,4468.39990234375,4480.60009765625,4480.60009765625,500
2025-12-26,GC=F,gold_futures,4512.0,4556.2998046875,4502.0,4529.10009765625,4529.10009765625,263
2025-12-29,GC=F,gold_futures,4371.5,4379.0,4325.10009765625,4325.10009765625,4325.10009765625,2044
2025-12-30,GC=F,gold_futures,4346.39990234375,4403.60009765625,4338.0,4370.10009765625,4370.10009765625,1837
2025-12-31,GC=F,gold_futures,4333.5,4363.7998046875,4285.0,4325.60009765625,4325.60009765625,785
2026-01-02,GC=F,gold_futures,4350.60009765625,4350.60009765625,4314.39990234375,4314.39990234375,4314.39990234375,589
2026-01-05,GC=F,gold_futures,4386.7001953125,4443.5,4384.7998046875,4436.89990234375,4436.89990234375,618
2026-01-06,GC=F,gold_futures,4449.7001953125,4482.2001953125,4449.0,4482.2001953125,4482.2001953125,459
2026-01-07,GC=F,gold_futures,4450.0,4450.0,4449.2998046875,4449.2998046875,4449.2998046875,972
2026-01-08,GC=F,gold_futures,4460.2001953125,4461.2998046875,4418.0,4449.7001953125,4449.7001953125,2423
2026-01-09,GC=F,gold_futures,4473.0,4490.2998046875,4473.0,4490.2998046875,4490.2998046875,237
2026-01-12,GC=F,gold_futures,4579.10009765625,4620.0,4577.7998046875,4604.2998046875,4604.2998046875,156
2026-01-13,GC=F,gold_futures,4578.60009765625,4617.10009765625,4578.60009765625,4589.2001953125,4589.2001953125,239
2026-01-14,GC=F,gold_futures,4610.2998046875,4635.0,4608.2001953125,4626.2998046875,4626.2998046875,1313
2026-01-15,GC=F,gold_futures,4612.89990234375,4616.2998046875,4612.89990234375,4616.2998046875,4616.2998046875,4358
2026-01-16,GC=F,gold_futures,4608.0,4608.0,4588.39990234375,4588.39990234375,4588.39990234375,352
2026-01-20,GC=F,gold_futures,4662.2001953125,4764.0,4661.7998046875,4759.60009765625,4759.60009765625,175
2026-01-21,GC=F,gold_futures,4863.5,4872.2998046875,4771.5,4831.7998046875,4831.7998046875,1706
2026-01-22,GC=F,gold_futures,4791.89990234375,4908.7998046875,4791.89990234375,4908.7998046875,4908.7998046875,1175
2026-01-23,GC=F,gold_futures,4949.60009765625,4976.2001953125,4936.0,4976.2001953125,4976.2001953125,169
2026-01-26,GC=F,gold_futures,5081.5,5095.60009765625,5052.2001953125,5079.7001953125,5079.7001953125,180
2026-01-27,GC=F,gold_futures,5079.89990234375,5079.89990234375,5079.89990234375,5079.89990234375,5079.89990234375,34
2026-01-28,GC=F,gold_futures,5301.60009765625,5301.60009765625,5301.60009765625,5301.60009765625,5301.60009765625,112054
2026-01-29,GC=F,gold_futures,5415.7001953125,5586.2001953125,5097.5,5318.39990234375,5318.39990234375,23709
2026-01-30,GC=F,gold_futures,5376.39990234375,5440.5,4700.0,4713.89990234375,4713.89990234375,8374
2026-02-02,GC=F,gold_futures,4807.7001953125,4855.7998046875,4400.0,4622.5,4622.5,3588
2026-02-03,GC=F,gold_futures,4680.0,4984.60009765625,4674.2998046875,4903.7001953125,4903.7001953125,1213
2026-02-04,GC=F,gold_futures,4923.2998046875,5082.2001953125,4897.89990234375,4920.39990234375,4920.39990234375,3886
2026-02-05,GC=F,gold_futures,5008.7001953125,5012.2998046875,4786.0,4861.39990234375,4861.39990234375,793
2026-02-06,GC=F,gold_futures,4762.0,4958.5,4655.0,4951.2001953125,4951.2001953125,1386
2026-02-09,GC=F,gold_futures,5017.39990234375,5065.7001953125,4979.10009765625,5050.89990234375,5050.89990234375,170
2026-02-10,GC=F,gold_futures,5013.5,5029.0,5002.7001953125,5003.7998046875,5003.7998046875,281
2026-02-11,GC=F,gold_futures,5049.89990234375,5111.2998046875,5041.2998046875,5071.60009765625,5071.60009765625,2681
2026-02-12,GC=F,gold_futures,5060.39990234375,5078.10009765625,4892.0,4923.7001953125,4923.7001953125,484
2026-02-13,GC=F,gold_futures,4953.0,5043.89990234375,4946.2001953125,5022.0,5022.0,232
2026-02-17,GC=F,gold_futures,5020.0,5020.0,4847.7998046875,4882.89990234375,4882.89990234375,540
2026-02-18,GC=F,gold_futures,4872.2001953125,4987.0,4869.5,4986.5,4986.5,544
2026-02-19,GC=F,gold_futures,5014.7001953125,5014.7001953125,4975.89990234375,4975.89990234375,4975.89990234375,37
2026-02-20,GC=F,gold_futures,5039.5,5072.7001953125,5039.5,5059.2998046875,5059.2998046875,134
2026-02-23,GC=F,gold_futures,5120.2998046875,5211.60009765625,5120.2998046875,5204.7001953125,5204.7001953125,779
2026-02-24,GC=F,gold_futures,5158.7998046875,5159.0,5112.7001953125,5155.7998046875,5155.7998046875,88
2026-02-25,GC=F,gold_futures,5166.0,5206.39990234375,5166.0,5206.39990234375,5206.39990234375,1772
2026-02-26,GC=F,gold_futures,5177.2001953125,5199.2001953125,5143.89990234375,5176.5,5176.5,1520
2026-02-27,GC=F,gold_futures,5186.7001953125,5280.0,5176.7001953125,5230.5,5230.5,354
2026-03-02,GC=F,gold_futures,5346.60009765625,5405.0,5266.2998046875,5294.39990234375,5294.39990234375,72
2026-03-03,GC=F,gold_futures,5298.7001953125,5303.7998046875,5023.0,5107.39990234375,5107.39990234375,1776
2026-03-04,GC=F,gold_futures,5130.7001953125,5180.2001953125,5117.2001953125,5120.2001953125,5120.2001953125,679
2026-03-05,GC=F,gold_futures,5169.5,5169.5,5054.7001953125,5065.2998046875,5065.2998046875,1701
2026-03-06,GC=F,gold_futures,5121.0,5146.10009765625,5076.10009765625,5146.10009765625,5146.10009765625,148
2026-03-09,GC=F,gold_futures,5155.0,5160.60009765625,5077.7001953125,5091.5,5091.5,639
2026-03-10,GC=F,gold_futures,5138.2001953125,5229.7001953125,5137.60009765625,5229.7001953125,5229.7001953125,4300
2026-03-11,GC=F,gold_futures,5190.7998046875,5191.2998046875,5167.39990234375,5167.39990234375,5167.39990234375,633
2026-03-12,GC=F,gold_futures,5137.2001953125,5137.2001953125,5115.7998046875,5115.7998046875,5115.7998046875,410
2026-03-13,GC=F,gold_futures,5089.60009765625,5117.0,5009.5,5052.5,5052.5,479
2026-03-16,GC=F,gold_futures,5001.60009765625,5010.60009765625,4994.0,4994.0,4994.0,130
2026-03-17,GC=F,gold_futures,5017.60009765625,5017.60009765625,4994.2001953125,5001.0,5001.0,239
2026-03-18,GC=F,gold_futures,4949.60009765625,4949.60009765625,4821.7001953125,4889.89990234375,4889.89990234375,1461
2026-03-19,GC=F,gold_futures,4830.2998046875,4830.2998046875,4554.0,4600.7001953125,4600.7001953125,627
2026-03-20,GC=F,gold_futures,4686.89990234375,4686.89990234375,4570.39990234375,4570.39990234375,4570.39990234375,235
2026-03-23,GC=F,gold_futures,4353.0,4480.39990234375,4100.7998046875,4404.10009765625,4404.10009765625,544
2026-03-24,GC=F,gold_futures,4338.7001953125,4399.2998046875,4325.2001953125,4399.2998046875,4399.2998046875,378
2026-03-25,GC=F,gold_futures,4549.0,4551.89990234375,4541.7998046875,4549.7998046875,4549.7998046875,388
2026-03-26,GC=F,gold_futures,4441.5,4443.10009765625,4375.5,4375.5,4375.5,1070
2026-03-27,GC=F,gold_futures,4492.0,4492.0,4492.0,4492.0,4492.0,74348
2026-03-30,GC=F,gold_futures,4482.7998046875,4579.10009765625,4413.39990234375,4526.0,4526.0,10816
2026-03-31,GC=F,gold_futures,4510.0,4684.10009765625,4508.60009765625,4647.60009765625,4647.60009765625,4264
2026-04-01,GC=F,gold_futures,4668.39990234375,4789.10009765625,4668.0,4783.2001953125,4783.2001953125,1637
2026-04-02,GC=F,gold_futures,4764.89990234375,4784.39990234375,4558.89990234375,4651.5,4651.5,0
2026-04-06,GC=F,gold_futures,4656.10009765625,4689.60009765625,4605.0,4656.7998046875,4656.7998046875,148
2026-04-07,GC=F,gold_futures,4624.89990234375,4676.2998046875,4608.0,4657.10009765625,4657.10009765625,327
2026-04-08,GC=F,gold_futures,4760.0,4851.0,4738.7998046875,4749.5,4749.5,405
2026-04-09,GC=F,gold_futures,4711.0,4799.10009765625,4711.0,4792.2001953125,4792.2001953125,1277
2026-04-10,GC=F,gold_futures,4745.89990234375,4791.0,4744.89990234375,4761.89990234375,4761.89990234375,812
2026-04-13,GC=F,gold_futures,4704.0,4742.39990234375,4704.0,4742.39990234375,4742.39990234375,32
2026-04-14,GC=F,gold_futures,4770.10009765625,4841.60009765625,4770.10009765625,4825.0,4825.0,288
2026-04-15,GC=F,gold_futures,4843.60009765625,4843.60009765625,4798.0,4800.0,4800.0,182
2026-04-16,GC=F,gold_futures,4810.89990234375,4810.89990234375,4785.39990234375,4785.39990234375,4785.39990234375,805
2026-04-17,GC=F,gold_futures,4771.60009765625,4879.7001953125,4767.2001953125,4857.60009765625,4857.60009765625,1902
2026-04-20,GC=F,gold_futures,4793.89990234375,4811.0,4770.0,4806.60009765625,4806.60009765625,724
2026-04-21,GC=F,gold_futures,4698.39990234375,4705.0,4676.39990234375,4698.39990234375,4698.39990234375,1197
2026-04-22,GC=F,gold_futures,4754.2001953125,4754.2001953125,4732.5,4732.5,4732.5,765
2026-04-23,GC=F,gold_futures,4711.5,4732.39990234375,4705.10009765625,4705.10009765625,4705.10009765625,292
2026-04-24,GC=F,gold_futures,4695.0,4722.2998046875,4657.5,4722.2998046875,4722.2998046875,45
2026-04-27,GC=F,gold_futures,4707.60009765625,4711.10009765625,4675.39990234375,4675.39990234375,4675.39990234375,538
2026-04-28,GC=F,gold_futures,4680.89990234375,4680.89990234375,4591.5,4591.5,4591.5,2660
2026-04-29,GC=F,gold_futures,4598.60009765625,4601.60009765625,4515.7001953125,4545.2001953125,4545.2001953125,507
2026-04-30,GC=F,gold_futures,4561.89990234375,4636.7001953125,4561.89990234375,4614.7001953125,4614.7001953125,77
2026-05-01,GC=F,gold_futures,4636.7001953125,4636.7001953125,4581.7001953125,4629.89990234375,4629.89990234375,113
2026-05-04,GC=F,gold_futures,4581.2001953125,4581.2001953125,4512.7001953125,4519.5,4519.5,20
2026-05-05,GC=F,gold_futures,4547.60009765625,4580.5,4547.60009765625,4555.7998046875,4555.7998046875,426
2026-05-06,GC=F,gold_futures,4663.60009765625,4712.60009765625,4663.60009765625,4681.89990234375,4681.89990234375,212
2026-05-07,GC=F,gold_futures,4704.7998046875,4736.2001953125,4699.7998046875,4699.7998046875,4699.7998046875,212
2026-05-08,GC=F,gold_futures,4682.5,4743.5,4671.0,4715.89990234375,4715.89990234375,30424
